tokenID,name,description,file_name,external_url,attributes[Character Type],attributes[Gender],attributes[Origin],attributes[Eyes],attributes[Headwear],attributes[Hair],attributes[Hair Length],attributes[Facial Hair],attributes[Rarity Tier],attributes[Earrings],attributes[Facial Markings],attributes[Expression],attributes[Facial Structure]
1,Wall Street Trader #1,Wall Street Traders — 444 monochrome traders built with AI and curated by Commit Protocol.,1.png,https://commitprotocol.org/wall-street-traders/,Alien,Unspecified,Pop Culture,Alien,,,,,Rare,,,Distinctive,Soft
2,Wall Street Trader #2,Wall Street Traders — 444 monochrome traders built with AI and curated by Commit Protocol.,2.png,https://commitprotocol.org/wall-street-traders/,Human,Male,Original,Standard,,Spiky,Short,,Common,,,Slight Smile,Long
3,Wall Street Trader #3,Wall Street Traders — 444 monochrome traders built with AI and curated by Commit Protocol.,3.png,https://commitprotocol.org/wall-street-traders/,Human,Male,Original,Standard,,Wavy,Short,Stubble,Common,,,Slight Smile,Soft
4,Wall Street Trader #4,Wall Street Traders — 444 monochrome traders built with AI and curated by Commit Protocol.,4.png,https://commitprotocol.org/wall-street-traders/,Human,Male,Original,Standard,,Buzz Cut,Short,Stubble,Common,,,Smirk,Long
5,Wall Street Trader #5,Wall Street Traders — 444 monochrome traders built with AI and curated by Commit Protocol.,5.png,https://commitprotocol.org/wall-street-traders/,Ape,Unspecified,Original,Standard,,,,,Rare,,,Calm,Long
6,Wall Street Trader #6,Wall Street Traders — 444 monochrome traders built with AI and curated by Commit Protocol.,6.png,https://commitprotocol.org/wall-street-traders/,Human,Female,Original,Standard,,Wavy,Medium,,Common,,,Smirk,Compact
7,Wall Street Trader #7,Wall Street Traders — 444 monochrome traders built with AI and curated by Commit Protocol.,7.png,https://commitprotocol.org/wall-street-traders/,Human,Female,Original,Standard,,Wavy,Short,,Common,,,Stern,Oval
8,Wall Street Trader #8,Wall Street Traders — 444 monochrome traders built with AI and curated by Commit Protocol.,8.png,https://commitprotocol.org/wall-street-traders/,Human,Male,Original,Standard,,Wavy,Short,,Common,,,Smirk,Balanced
9,Wall Street Trader #9,Wall Street Traders — 444 monochrome traders built with AI and curated by Commit Protocol.,9.png,https://commitprotocol.org/wall-street-traders/,Human,Male,Original,Standard,,Wavy,Short,,Common,,,Calm,Long
10,Wall Street Trader #10,Wall Street Traders — 444 monochrome traders built with AI and curated by Commit Protocol.,10.png,https://commitprotocol.org/wall-street-traders/,Human,Female,Original,Standard,,Wavy,Long,,Common,,,Calm,Wide
11,Wall Street Trader #11,Wall Street Traders — 444 monochrome traders built with AI and curated by Commit Protocol.,11.png,https://commitprotocol.org/wall-street-traders/,Human,Male,Original,Standard,,Straight,Short,,Common,,,Slight Smile,Wide
12,Wall Street Trader #12,Wall Street Traders — 444 monochrome traders built with AI and curated by Commit Protocol.,12.png,https://commitprotocol.org/wall-street-traders/,Human,Male,Original,Standard,,Wavy,Short,,Common,,,Stern,Long
13,Wall Street Trader #13,Wall Street Traders — 444 monochrome traders built with AI and curated by Commit Protocol.,13.png,https://commitprotocol.org/wall-street-traders/,Human,Female,Original,Standard,,Curly,Medium,,Common,,,Slight Smile,Wide
14,Wall Street Trader #14,Wall Street Traders — 444 monochrome traders built with AI and curated by Commit Protocol.,14.png,https://commitprotocol.org/wall-street-traders/,Human,Male,Original,Standard,,Straight,Short,,Common,,,Slight Smile,Compact
15,Wall Street Trader #15,Wall Street Traders — 444 monochrome traders built with AI and curated by Commit Protocol.,15.png,https://commitprotocol.org/wall-street-traders/,Human,Male,Pop Culture,Standard,,Wavy,Medium,,Rare,,Eye Scar,Serious,Narrow
16,Wall Street Trader #16,Wall Street Traders — 444 monochrome traders built with AI and curated by Commit Protocol.,16.png,https://commitprotocol.org/wall-street-traders/,Human,Male,Original,Standard,,Spiky,Short,,Common,,,Grinning,Compact
17,Wall Street Trader #17,Wall Street Traders — 444 monochrome traders built with AI and curated by Commit Protocol.,17.png,https://commitprotocol.org/wall-street-traders/,Human,Male,Original,Standard,,Spiky,Short,Stubble,Common,,,Smirk,Soft
18,Wall Street Trader #18,Wall Street Traders — 444 monochrome traders built with AI and curated by Commit Protocol.,18.png,https://commitprotocol.org/wall-street-traders/,Human,Male,Original,Standard,,Wavy,Medium,Goatee,Common,,,Stern,Wide
19,Wall Street Trader #19,Wall Street Traders — 444 monochrome traders built with AI and curated by Commit Protocol.,19.png,https://commitprotocol.org/wall-street-traders/,Human,Female,Original,Standard,,Wavy,Long,,Common,,,Calm,Long
20,Wall Street Trader #20,Wall Street Traders — 444 monochrome traders built with AI and curated by Commit Protocol.,20.png,https://commitprotocol.org/wall-street-traders/,Alien,Unspecified,Pop Culture,Alien,,,,,Rare,,,Smirk,Soft
21,Wall Street Trader #21,Wall Street Traders — 444 monochrome traders built with AI and curated by Commit Protocol.,21.png,https://commitprotocol.org/wall-street-traders/,Human,Male,Original,Standard,,Buzz Cut,Short,Stubble,Common,,,Calm,Soft
22,Wall Street Trader #22,Wall Street Traders — 444 monochrome traders built with AI and curated by Commit Protocol.,22.png,https://commitprotocol.org/wall-street-traders/,Human,Female,Original,Standard,,Straight,Long,,Common,,,Grinning,Soft
23,Wall Street Trader #23,Wall Street Traders — 444 monochrome traders built with AI and curated by Commit Protocol.,23.png,https://commitprotocol.org/wall-street-traders/,Human,Female,Original,Standard,,Bun,Long,,Rare,,,Stern,Wide
24,Wall Street Trader #24,Wall Street Traders — 444 monochrome traders built with AI and curated by Commit Protocol.,24.png,https://commitprotocol.org/wall-street-traders/,Human,Male,Original,Standard,,Straight,Short,Beard,Common,,,Smirk,Long
25,Wall Street Trader #25,Wall Street Traders — 444 monochrome traders built with AI and curated by Commit Protocol.,25.png,https://commitprotocol.org/wall-street-traders/,Human,Female,Original,Standard,,Wavy,Long,,Common,,,Slight Smile,Narrow
26,Wall Street Trader #26,Wall Street Traders — 444 monochrome traders built with AI and curated by Commit Protocol.,26.png,https://commitprotocol.org/wall-street-traders/,Alien,Unspecified,Original,Alien,,,,,Rare,,,Slight Smile,Balanced
27,Wall Street Trader #27,Wall Street Traders — 444 monochrome traders built with AI and curated by Commit Protocol.,27.png,https://commitprotocol.org/wall-street-traders/,Human,Male,Original,Standard,,Straight,Short,,Common,,,Grinning,Angular
28,Wall Street Trader #28,Wall Street Traders — 444 monochrome traders built with AI and curated by Commit Protocol.,28.png,https://commitprotocol.org/wall-street-traders/,Human,Male,Original,Standard,,Wavy,Short,,Common,,,Slight Smile,Wide
29,Wall Street Trader #29,Wall Street Traders — 444 monochrome traders built with AI and curated by Commit Protocol.,29.png,https://commitprotocol.org/wall-street-traders/,Human,Male,Original,Standard,,Wavy,Short,Beard,Common,,,Slight Smile,Wide
30,Wall Street Trader #30,Wall Street Traders — 444 monochrome traders built with AI and curated by Commit Protocol.,30.png,https://commitprotocol.org/wall-street-traders/,Human,Female,Original,Standard,,Straight,Medium,,Common,,,Calm,Oval
31,Wall Street Trader #31,Wall Street Traders — 444 monochrome traders built with AI and curated by Commit Protocol.,31.png,https://commitprotocol.org/wall-street-traders/,Human,Female,Original,Standard,,Bun,Long,,Rare,,,Slight Smile,Long
32,Wall Street Trader #32,Wall Street Traders — 444 monochrome traders built with AI and curated by Commit Protocol.,32.png,https://commitprotocol.org/wall-street-traders/,Human,Male,Original,Standard,,Straight,Short,,Common,,,Smirk,Balanced
33,Wall Street Trader #33,Wall Street Traders — 444 monochrome traders built with AI and curated by Commit Protocol.,33.png,https://commitprotocol.org/wall-street-traders/,Human,Male,Original,Standard,,Coily,Short,Mustache,Rare,,,Smirk,Soft
34,Wall Street Trader #34,Wall Street Traders — 444 monochrome traders built with AI and curated by Commit Protocol.,34.png,https://commitprotocol.org/wall-street-traders/,Alien,Unspecified,Original,Alien,,,,,Rare,,,Calm,Soft
35,Wall Street Trader #35,Wall Street Traders — 444 monochrome traders built with AI and curated by Commit Protocol.,35.png,https://commitprotocol.org/wall-street-traders/,Human,Male,Satoshi,Glasses,,Receding,Short,,1/1,,,Calm,Balanced
36,Wall Street Trader #36,Wall Street Traders — 444 monochrome traders built with AI and curated by Commit Protocol.,36.png,https://commitprotocol.org/wall-street-traders/,Human,Male,Original,Standard,,Straight,Short,,Common,,,Slight Smile,Soft
37,Wall Street Trader #37,Wall Street Traders — 444 monochrome traders built with AI and curated by Commit Protocol.,37.png,https://commitprotocol.org/wall-street-traders/,Human,Female,Original,Laser,,Curly,Medium,,Legendary,,,Grinning,Compact
38,Wall Street Trader #38,Wall Street Traders — 444 monochrome traders built with AI and curated by Commit Protocol.,38.png,https://commitprotocol.org/wall-street-traders/,Human,Male,Original,Standard,,Spiky,Short,,Common,,,Slight Smile,Wide
39,Wall Street Trader #39,Wall Street Traders — 444 monochrome traders built with AI and curated by Commit Protocol.,39.png,https://commitprotocol.org/wall-street-traders/,Human,Male,Original,Standard,,Wavy,Short,Stubble,Common,,,Stern,Compact
40,Wall Street Trader #40,Wall Street Traders — 444 monochrome traders built with AI and curated by Commit Protocol.,40.png,https://commitprotocol.org/wall-street-traders/,Human,Female,Original,Standard,,Wavy,Long,,Common,,,Slight Smile,Oval
41,Wall Street Trader #41,Wall Street Traders — 444 monochrome traders built with AI and curated by Commit Protocol.,41.png,https://commitprotocol.org/wall-street-traders/,Human,Male,Original,Standard,,Buzz Cut,Short,Goatee,Rare,,,Smirk,Long
42,Wall Street Trader #42,Wall Street Traders — 444 monochrome traders built with AI and curated by Commit Protocol.,42.png,https://commitprotocol.org/wall-street-traders/,Human,Female,Original,Standard,,Wavy,Medium,,Common,,,Smirk,Wide
43,Wall Street Trader #43,Wall Street Traders — 444 monochrome traders built with AI and curated by Commit Protocol.,43.png,https://commitprotocol.org/wall-street-traders/,Human,Male,Original,Standard,,Wavy,Short,,Common,,,Grinning,Oval
44,Wall Street Trader #44,Wall Street Traders — 444 monochrome traders built with AI and curated by Commit Protocol.,44.png,https://commitprotocol.org/wall-street-traders/,Human,Male,Original,Standard,,Curly,Short,Mustache,Rare,,,Slight Smile,Oval
45,Wall Street Trader #45,Wall Street Traders — 444 monochrome traders built with AI and curated by Commit Protocol.,45.png,https://commitprotocol.org/wall-street-traders/,Human,Male,Original,Standard,,Buzz Cut,Short,,Common,,,Slight Smile,Compact
46,Wall Street Trader #46,Wall Street Traders — 444 monochrome traders built with AI and curated by Commit Protocol.,46.png,https://commitprotocol.org/wall-street-traders/,Human,Female,Original,Standard,,Straight,Medium,,Common,,,Stern,Compact
47,Wall Street Trader #47,Wall Street Traders — 444 monochrome traders built with AI and curated by Commit Protocol.,47.png,https://commitprotocol.org/wall-street-traders/,Human,Male,Pop Culture,Standard,,Spiky,Short,,Legendary,,Forehead Symbol,Serious,Narrow
48,Wall Street Trader #48,Wall Street Traders — 444 monochrome traders built with AI and curated by Commit Protocol.,48.png,https://commitprotocol.org/wall-street-traders/,Human,Female,Original,Standard,,Wavy,Medium,,Common,,,Calm,Oval
49,Wall Street Trader #49,Wall Street Traders — 444 monochrome traders built with AI and curated by Commit Protocol.,49.png,https://commitprotocol.org/wall-street-traders/,Human,Male,Original,Standard,Crown,Straight,Short,Beard,Legendary,,,Slight Smile,Long
50,Wall Street Trader #50,Wall Street Traders — 444 monochrome traders built with AI and curated by Commit Protocol.,50.png,https://commitprotocol.org/wall-street-traders/,Human,Female,Original,Standard,,Wavy,Long,,Common,,,Stern,Long
51,Wall Street Trader #51,Wall Street Traders — 444 monochrome traders built with AI and curated by Commit Protocol.,51.png,https://commitprotocol.org/wall-street-traders/,Human,Female,Original,Standard,,Straight,Medium,,Common,,,Smirk,Oval
52,Wall Street Trader #52,Wall Street Traders — 444 monochrome traders built with AI and curated by Commit Protocol.,52.png,https://commitprotocol.org/wall-street-traders/,Human,Male,Original,Standard,,Wavy,Short,,Common,,,Calm,Compact
53,Wall Street Trader #53,Wall Street Traders — 444 monochrome traders built with AI and curated by Commit Protocol.,53.png,https://commitprotocol.org/wall-street-traders/,Human,Male,Original,Standard,,Curly,Short,Beard,Common,,,Smirk,Long
54,Wall Street Trader #54,Wall Street Traders — 444 monochrome traders built with AI and curated by Commit Protocol.,54.png,https://commitprotocol.org/wall-street-traders/,Human,Male,Original,Standard,,Spiky,Short,Stubble,Common,,,Calm,Soft
55,Wall Street Trader #55,Wall Street Traders — 444 monochrome traders built with AI and curated by Commit Protocol.,55.png,https://commitprotocol.org/wall-street-traders/,Alien,Male,Pop Culture,Standard,,Spiky,Short,,Rare,,,Neutral,Round
56,Wall Street Trader #56,Wall Street Traders — 444 monochrome traders built with AI and curated by Commit Protocol.,56.png,https://commitprotocol.org/wall-street-traders/,Human,Male,Original,Standard,,Coily,Short,Goatee,Rare,,,Slight Smile,Long
57,Wall Street Trader #57,Wall Street Traders — 444 monochrome traders built with AI and curated by Commit Protocol.,57.png,https://commitprotocol.org/wall-street-traders/,Human,Male,Pop Culture,Standard,,Spiky,Short,,Legendary,Triple Drop Earrings,Eye Scar,Grinning,Angular
58,Wall Street Trader #58,Wall Street Traders — 444 monochrome traders built with AI and curated by Commit Protocol.,58.png,https://commitprotocol.org/wall-street-traders/,Alien,Unspecified,Original,Alien,,,,,Rare,,,Grinning,Compact
59,Wall Street Trader #59,Wall Street Traders — 444 monochrome traders built with AI and curated by Commit Protocol.,59.png,https://commitprotocol.org/wall-street-traders/,Human,Female,Original,Standard,,Curly,Medium,,Common,,,Slight Smile,Oval
60,Wall Street Trader #60,Wall Street Traders — 444 monochrome traders built with AI and curated by Commit Protocol.,60.png,https://commitprotocol.org/wall-street-traders/,Human,Male,Original,Standard,,Wavy,Medium,Stubble,Common,,,Stern,Wide
61,Wall Street Trader #61,Wall Street Traders — 444 monochrome traders built with AI and curated by Commit Protocol.,61.png,https://commitprotocol.org/wall-street-traders/,Human,Female,Original,Standard,,Bun,Long,,Rare,,,Smirk,Soft
62,Wall Street Trader #62,Wall Street Traders — 444 monochrome traders built with AI and curated by Commit Protocol.,62.png,https://commitprotocol.org/wall-street-traders/,Human,Male,Original,Standard,,Wavy,Short,Stubble,Common,,,Calm,Wide
63,Wall Street Trader #63,Wall Street Traders — 444 monochrome traders built with AI and curated by Commit Protocol.,63.png,https://commitprotocol.org/wall-street-traders/,Human,Female,Original,Standard,,Ponytail,Long,,Rare,,,Stern,Wide
64,Wall Street Trader #64,Wall Street Traders — 444 monochrome traders built with AI and curated by Commit Protocol.,64.png,https://commitprotocol.org/wall-street-traders/,Human,Male,Original,Standard,,Curly,Short,Mustache,Rare,,,Slight Smile,Long
65,Wall Street Trader #65,Wall Street Traders — 444 monochrome traders built with AI and curated by Commit Protocol.,65.png,https://commitprotocol.org/wall-street-traders/,Alien,Male,Pop Culture,Standard,,Spiky,Medium,,Rare,,,Neutral,Round
66,Wall Street Trader #66,Wall Street Traders — 444 monochrome traders built with AI and curated by Commit Protocol.,66.png,https://commitprotocol.org/wall-street-traders/,Human,Male,Original,Standard,,Wavy,Short,,Common,,,Stern,Angular
67,Wall Street Trader #67,Wall Street Traders — 444 monochrome traders built with AI and curated by Commit Protocol.,67.png,https://commitprotocol.org/wall-street-traders/,Human,Male,Original,Standard,,Wavy,Medium,,Common,,,Stern,Wide
68,Wall Street Trader #68,Wall Street Traders — 444 monochrome traders built with AI and curated by Commit Protocol.,68.png,https://commitprotocol.org/wall-street-traders/,Human,Male,Pop Culture,Standard,,Straight,Medium,Goatee,Rare,,,Serious,Narrow
69,Wall Street Trader #69,Wall Street Traders — 444 monochrome traders built with AI and curated by Commit Protocol.,69.png,https://commitprotocol.org/wall-street-traders/,Alien,Unspecified,Original,Alien,,,,,Rare,,,Grinning,Angular
70,Wall Street Trader #70,Wall Street Traders — 444 monochrome traders built with AI and curated by Commit Protocol.,70.png,https://commitprotocol.org/wall-street-traders/,Human,Male,Original,Standard,,Curly,Short,,Common,,,Slight Smile,Compact
71,Wall Street Trader #71,Wall Street Traders — 444 monochrome traders built with AI and curated by Commit Protocol.,71.png,https://commitprotocol.org/wall-street-traders/,Human,Male,Original,Standard,,Spiky,Short,Goatee,Common,,,Smirk,Soft
72,Wall Street Trader #72,Wall Street Traders — 444 monochrome traders built with AI and curated by Commit Protocol.,72.png,https://commitprotocol.org/wall-street-traders/,Human,Female,Original,Standard,,Curly,Long,,Common,,,Stern,Wide
73,Wall Street Trader #73,Wall Street Traders — 444 monochrome traders built with AI and curated by Commit Protocol.,73.png,https://commitprotocol.org/wall-street-traders/,Human,Female,Original,Standard,,Straight,Medium,,Common,,,Grinning,Balanced
74,Wall Street Trader #74,Wall Street Traders — 444 monochrome traders built with AI and curated by Commit Protocol.,74.png,https://commitprotocol.org/wall-street-traders/,Human,Female,Original,Standard,,Wavy,Long,,Common,,,Grinning,Narrow
75,Wall Street Trader #75,Wall Street Traders — 444 monochrome traders built with AI and curated by Commit Protocol.,75.png,https://commitprotocol.org/wall-street-traders/,Human,Female,Original,Standard,,Straight,Long,,Common,,,Slight Smile,Long
76,Wall Street Trader #76,Wall Street Traders — 444 monochrome traders built with AI and curated by Commit Protocol.,76.png,https://commitprotocol.org/wall-street-traders/,Human,Female,Original,Standard,,Straight,Long,,Common,,,Grinning,Compact
77,Wall Street Trader #77,Wall Street Traders — 444 monochrome traders built with AI and curated by Commit Protocol.,77.png,https://commitprotocol.org/wall-street-traders/,Human,Male,Original,Standard,,Spiky,Short,,Common,,,Slight Smile,Compact
78,Wall Street Trader #78,Wall Street Traders — 444 monochrome traders built with AI and curated by Commit Protocol.,78.png,https://commitprotocol.org/wall-street-traders/,Human,Female,Original,Standard,,Wavy,Long,,Common,,,Grinning,Long
79,Wall Street Trader #79,Wall Street Traders — 444 monochrome traders built with AI and curated by Commit Protocol.,79.png,https://commitprotocol.org/wall-street-traders/,Human,Female,Original,Standard,,Straight,Long,,Common,,,Calm,Wide
80,Wall Street Trader #80,Wall Street Traders — 444 monochrome traders built with AI and curated by Commit Protocol.,80.png,https://commitprotocol.org/wall-street-traders/,Baghead,Unspecified,Web3 Tribute,Standard,,,,,Legendary,,,Distinctive,Distinctive
81,Wall Street Trader #81,Wall Street Traders — 444 monochrome traders built with AI and curated by Commit Protocol.,81.png,https://commitprotocol.org/wall-street-traders/,Human,Female,Original,Standard,,Straight,Medium,,Common,,,Smirk,Wide
82,Wall Street Trader #82,Wall Street Traders — 444 monochrome traders built with AI and curated by Commit Protocol.,82.png,https://commitprotocol.org/wall-street-traders/,Human,Female,Original,Standard,,Bun,Long,,Rare,,,Stern,Long
83,Wall Street Trader #83,Wall Street Traders — 444 monochrome traders built with AI and curated by Commit Protocol.,83.png,https://commitprotocol.org/wall-street-traders/,Human,Female,Original,Standard,,Wavy,Medium,,Common,,,Stern,Angular
84,Wall Street Trader #84,Wall Street Traders — 444 monochrome traders built with AI and curated by Commit Protocol.,84.png,https://commitprotocol.org/wall-street-traders/,Human,Male,Original,Standard,,Wavy,Short,Stubble,Common,,,Slight Smile,Long
85,Wall Street Trader #85,Wall Street Traders — 444 monochrome traders built with AI and curated by Commit Protocol.,85.png,https://commitprotocol.org/wall-street-traders/,Human,Male,Original,Standard,,Wavy,Short,,Common,,,Grinning,Angular
86,Wall Street Trader #86,Wall Street Traders — 444 monochrome traders built with AI and curated by Commit Protocol.,86.png,https://commitprotocol.org/wall-street-traders/,Human,Female,Original,Standard,,Coily,Long,,Common,,,Stern,Wide
87,Wall Street Trader #87,Wall Street Traders — 444 monochrome traders built with AI and curated by Commit Protocol.,87.png,https://commitprotocol.org/wall-street-traders/,Human,Female,Original,Standard,,Wavy,Long,,Common,,,Grinning,Angular
88,Wall Street Trader #88,Wall Street Traders — 444 monochrome traders built with AI and curated by Commit Protocol.,88.png,https://commitprotocol.org/wall-street-traders/,Human,Male,Original,Standard,,Buzz Cut,Short,Beard,Rare,,,Smirk,Soft
89,Wall Street Trader #89,Wall Street Traders — 444 monochrome traders built with AI and curated by Commit Protocol.,89.png,https://commitprotocol.org/wall-street-traders/,Human,Male,Original,Standard,,Receding,Short,Beard,Rare,,,Calm,Balanced
90,Wall Street Trader #90,Wall Street Traders — 444 monochrome traders built with AI and curated by Commit Protocol.,90.png,https://commitprotocol.org/wall-street-traders/,Human,Female,Original,Standard,,Spiky,Short,,Common,,,Stern,Wide
91,Wall Street Trader #91,Wall Street Traders — 444 monochrome traders built with AI and curated by Commit Protocol.,91.png,https://commitprotocol.org/wall-street-traders/,Human,Male,Original,Standard,,Straight,Short,Beard,Common,,,Slight Smile,Long
92,Wall Street Trader #92,Wall Street Traders — 444 monochrome traders built with AI and curated by Commit Protocol.,92.png,https://commitprotocol.org/wall-street-traders/,Human,Female,Original,Standard,,Ponytail,Long,,Rare,,,Slight Smile,Oval
93,Wall Street Trader #93,Wall Street Traders — 444 monochrome traders built with AI and curated by Commit Protocol.,93.png,https://commitprotocol.org/wall-street-traders/,Human,Male,Original,Standard,,Spiky,Short,,Common,,,Grinning,Long
94,Wall Street Trader #94,Wall Street Traders — 444 monochrome traders built with AI and curated by Commit Protocol.,94.png,https://commitprotocol.org/wall-street-traders/,Human,Female,Original,Standard,,Straight,Long,,Common,,,Smirk,Wide
95,Wall Street Trader #95,Wall Street Traders — 444 monochrome traders built with AI and curated by Commit Protocol.,95.png,https://commitprotocol.org/wall-street-traders/,Human,Female,Original,Standard,,Coily,Short,,Common,,,Smirk,Long
96,Wall Street Trader #96,Wall Street Traders — 444 monochrome traders built with AI and curated by Commit Protocol.,96.png,https://commitprotocol.org/wall-street-traders/,Human,Female,Original,Standard,,Straight,Medium,,Common,,,Slight Smile,Long
97,Wall Street Trader #97,Wall Street Traders — 444 monochrome traders built with AI and curated by Commit Protocol.,97.png,https://commitprotocol.org/wall-street-traders/,Human,Male,Original,Standard,,Spiky,Short,,Common,,,Slight Smile,Soft
98,Wall Street Trader #98,Wall Street Traders — 444 monochrome traders built with AI and curated by Commit Protocol.,98.png,https://commitprotocol.org/wall-street-traders/,Human,Male,Original,Standard,,Coily,Short,,Common,,,Smirk,Compact
99,Wall Street Trader #99,Wall Street Traders — 444 monochrome traders built with AI and curated by Commit Protocol.,99.png,https://commitprotocol.org/wall-street-traders/,Human,Female,Original,Standard,,Straight,Long,,Common,,,Stern,Compact
100,Wall Street Trader #100,Wall Street Traders — 444 monochrome traders built with AI and curated by Commit Protocol.,100.png,https://commitprotocol.org/wall-street-traders/,Human,Female,Original,Standard,,Wavy,Long,,Common,,,Slight Smile,Long
101,Wall Street Trader #101,Wall Street Traders — 444 monochrome traders built with AI and curated by Commit Protocol.,101.png,https://commitprotocol.org/wall-street-traders/,Human,Male,Original,Standard,,Receding,Short,,Common,,,Grinning,Soft
102,Wall Street Trader #102,Wall Street Traders — 444 monochrome traders built with AI and curated by Commit Protocol.,102.png,https://commitprotocol.org/wall-street-traders/,Human,Female,Original,Standard,,Spiky,Short,,Common,,,Stern,Long
103,Wall Street Trader #103,Wall Street Traders — 444 monochrome traders built with AI and curated by Commit Protocol.,103.png,https://commitprotocol.org/wall-street-traders/,Human,Male,Original,Standard,,Receding,Short,Stubble,Rare,,,Calm,Compact
104,Wall Street Trader #104,Wall Street Traders — 444 monochrome traders built with AI and curated by Commit Protocol.,104.png,https://commitprotocol.org/wall-street-traders/,Human,Female,Original,Standard,,Wavy,Long,,Common,,,Grinning,Wide
105,Wall Street Trader #105,Wall Street Traders — 444 monochrome traders built with AI and curated by Commit Protocol.,105.png,https://commitprotocol.org/wall-street-traders/,Human,Male,Original,Standard,,Receding,Short,,Common,,,Calm,Balanced
106,Wall Street Trader #106,Wall Street Traders — 444 monochrome traders built with AI and curated by Commit Protocol.,106.png,https://commitprotocol.org/wall-street-traders/,Human,Female,Original,Standard,,Straight,Medium,,Common,,,Stern,Soft
107,Wall Street Trader #107,Wall Street Traders — 444 monochrome traders built with AI and curated by Commit Protocol.,107.png,https://commitprotocol.org/wall-street-traders/,Human,Female,Original,Standard,,Wavy,Medium,,Common,,,Stern,Balanced
108,Wall Street Trader #108,Wall Street Traders — 444 monochrome traders built with AI and curated by Commit Protocol.,108.png,https://commitprotocol.org/wall-street-traders/,Human,Female,Original,Standard,,Straight,Long,,Common,,,Slight Smile,Angular
109,Wall Street Trader #109,Wall Street Traders — 444 monochrome traders built with AI and curated by Commit Protocol.,109.png,https://commitprotocol.org/wall-street-traders/,Human,Female,Original,Standard,,Wavy,Medium,,Common,,,Slight Smile,Angular
110,Wall Street Trader #110,Wall Street Traders — 444 monochrome traders built with AI and curated by Commit Protocol.,110.png,https://commitprotocol.org/wall-street-traders/,Human,Female,Original,Standard,,Straight,Medium,,Common,,,Slight Smile,Soft
111,Wall Street Trader #111,Wall Street Traders — 444 monochrome traders built with AI and curated by Commit Protocol.,111.png,https://commitprotocol.org/wall-street-traders/,Human,Male,Original,Standard,,Straight,Short,Stubble,Common,,,Calm,Long
112,Wall Street Trader #112,Wall Street Traders — 444 monochrome traders built with AI and curated by Commit Protocol.,112.png,https://commitprotocol.org/wall-street-traders/,Human,Female,Original,Standard,,Curly,Long,,Common,,,Stern,Compact
113,Wall Street Trader #113,Wall Street Traders — 444 monochrome traders built with AI and curated by Commit Protocol.,113.png,https://commitprotocol.org/wall-street-traders/,Alien,Unspecified,Original,Alien,,,,,Rare,,,Calm,Compact
114,Wall Street Trader #114,Wall Street Traders — 444 monochrome traders built with AI and curated by Commit Protocol.,114.png,https://commitprotocol.org/wall-street-traders/,Human,Male,Original,Standard,,Curly,Short,,Common,,,Stern,Wide
115,Wall Street Trader #115,Wall Street Traders — 444 monochrome traders built with AI and curated by Commit Protocol.,115.png,https://commitprotocol.org/wall-street-traders/,Human,Female,Original,Standard,,Wavy,Medium,,Common,,,Neutral,Wide
116,Wall Street Trader #116,Wall Street Traders — 444 monochrome traders built with AI and curated by Commit Protocol.,116.png,https://commitprotocol.org/wall-street-traders/,Human,Female,Original,Standard,,Coily,Long,,Common,,,Slight Smile,Oval
117,Wall Street Trader #117,Wall Street Traders — 444 monochrome traders built with AI and curated by Commit Protocol.,117.png,https://commitprotocol.org/wall-street-traders/,Human,Female,Original,Standard,Hijab,,,,Rare,,,Smirk,Angular
118,Wall Street Trader #118,Wall Street Traders — 444 monochrome traders built with AI and curated by Commit Protocol.,118.png,https://commitprotocol.org/wall-street-traders/,Human,Male,Original,Standard,,Wavy,Short,,Common,,,Grinning,Wide
119,Wall Street Trader #119,Wall Street Traders — 444 monochrome traders built with AI and curated by Commit Protocol.,119.png,https://commitprotocol.org/wall-street-traders/,Human,Female,Original,Standard,,Wavy,Medium,,Common,,,Serious,Oval
120,Wall Street Trader #120,Wall Street Traders — 444 monochrome traders built with AI and curated by Commit Protocol.,120.png,https://commitprotocol.org/wall-street-traders/,Human,Male,Original,Standard,Kufi,,Short,Beard,Rare,,,Calm,Long
121,Wall Street Trader #121,Wall Street Traders — 444 monochrome traders built with AI and curated by Commit Protocol.,121.png,https://commitprotocol.org/wall-street-traders/,Human,Male,Pop Culture,Standard,,Ponytail,Long,Goatee,Rare,,,Grinning,Compact
122,Wall Street Trader #122,Wall Street Traders — 444 monochrome traders built with AI and curated by Commit Protocol.,122.png,https://commitprotocol.org/wall-street-traders/,Human,Female,Original,Standard,,Wavy,Medium,,Common,,,Grinning,Oval
123,Wall Street Trader #123,Wall Street Traders — 444 monochrome traders built with AI and curated by Commit Protocol.,123.png,https://commitprotocol.org/wall-street-traders/,Human,Male,Original,Standard,,Spiky,Short,Stubble,Common,,,Slight Smile,Long
124,Wall Street Trader #124,Wall Street Traders — 444 monochrome traders built with AI and curated by Commit Protocol.,124.png,https://commitprotocol.org/wall-street-traders/,Human,Male,Original,Standard,,Coily,Short,,Common,,,Smirk,Long
125,Wall Street Trader #125,Wall Street Traders — 444 monochrome traders built with AI and curated by Commit Protocol.,125.png,https://commitprotocol.org/wall-street-traders/,Human,Male,Pop Culture,Sunglasses,,Spiky,Short,,Rare,,,Serious,Narrow
126,Wall Street Trader #126,Wall Street Traders — 444 monochrome traders built with AI and curated by Commit Protocol.,126.png,https://commitprotocol.org/wall-street-traders/,Human,Male,Original,Standard,,Curly,Short,,Common,,,Slight Smile,Long
127,Wall Street Trader #127,Wall Street Traders — 444 monochrome traders built with AI and curated by Commit Protocol.,127.png,https://commitprotocol.org/wall-street-traders/,Human,Male,Original,Standard,,Wavy,Short,Stubble,Common,,,Calm,Long
128,Wall Street Trader #128,Wall Street Traders — 444 monochrome traders built with AI and curated by Commit Protocol.,128.png,https://commitprotocol.org/wall-street-traders/,Human,Female,Original,Standard,,Straight,Long,,Common,,,Slight Smile,Compact
129,Wall Street Trader #129,Wall Street Traders — 444 monochrome traders built with AI and curated by Commit Protocol.,129.png,https://commitprotocol.org/wall-street-traders/,Human,Male,Original,Standard,,Coily,Short,Stubble,Common,,,Smirk,Long
130,Wall Street Trader #130,Wall Street Traders — 444 monochrome traders built with AI and curated by Commit Protocol.,130.png,https://commitprotocol.org/wall-street-traders/,Human,Female,Original,Standard,,Bun,Long,,Rare,,,Smirk,Wide
131,Wall Street Trader #131,Wall Street Traders — 444 monochrome traders built with AI and curated by Commit Protocol.,131.png,https://commitprotocol.org/wall-street-traders/,Human,Female,Original,Standard,,Wavy,Medium,,Common,,,Slight Smile,Compact
132,Wall Street Trader #132,Wall Street Traders — 444 monochrome traders built with AI and curated by Commit Protocol.,132.png,https://commitprotocol.org/wall-street-traders/,Human,Male,Original,Standard,,Spiky,Short,Beard,Common,,,Slight Smile,Long
133,Wall Street Trader #133,Wall Street Traders — 444 monochrome traders built with AI and curated by Commit Protocol.,133.png,https://commitprotocol.org/wall-street-traders/,Alien,Male,Pop Culture,Standard,,Straight,Short,,Rare,,,Serious,Compact
134,Wall Street Trader #134,Wall Street Traders — 444 monochrome traders built with AI and curated by Commit Protocol.,134.png,https://commitprotocol.org/wall-street-traders/,Ape,Unspecified,Web3 Tribute,Standard,,,,,Legendary,,,Stern,Compact
135,Wall Street Trader #135,Wall Street Traders — 444 monochrome traders built with AI and curated by Commit Protocol.,135.png,https://commitprotocol.org/wall-street-traders/,Human,Male,Original,Standard,,Wavy,Short,,Common,,,Calm,Oval
136,Wall Street Trader #136,Wall Street Traders — 444 monochrome traders built with AI and curated by Commit Protocol.,136.png,https://commitprotocol.org/wall-street-traders/,Human,Male,Original,Standard,,Wavy,Short,Stubble,Common,,,Smirk,Soft
137,Wall Street Trader #137,Wall Street Traders — 444 monochrome traders built with AI and curated by Commit Protocol.,137.png,https://commitprotocol.org/wall-street-traders/,Human,Female,Original,Standard,,Straight,Long,,Common,,,Grinning,Oval
138,Wall Street Trader #138,Wall Street Traders — 444 monochrome traders built with AI and curated by Commit Protocol.,138.png,https://commitprotocol.org/wall-street-traders/,Human,Male,Original,Standard,,Buzz Cut,Short,,Common,,,Grinning,Angular
139,Wall Street Trader #139,Wall Street Traders — 444 monochrome traders built with AI and curated by Commit Protocol.,139.png,https://commitprotocol.org/wall-street-traders/,Human,Female,Original,Standard,,Bun,Long,,Rare,,,Grinning,Oval
140,Wall Street Trader #140,Wall Street Traders — 444 monochrome traders built with AI and curated by Commit Protocol.,140.png,https://commitprotocol.org/wall-street-traders/,Human,Male,Original,Standard,,Buzz Cut,Short,Stubble,Common,,,Smirk,Balanced
141,Wall Street Trader #141,Wall Street Traders — 444 monochrome traders built with AI and curated by Commit Protocol.,141.png,https://commitprotocol.org/wall-street-traders/,Human,Male,Original,Standard,,Receding,Short,,Common,,,Grinning,Angular
142,Wall Street Trader #142,Wall Street Traders — 444 monochrome traders built with AI and curated by Commit Protocol.,142.png,https://commitprotocol.org/wall-street-traders/,Human,Female,Original,Laser,,Straight,Long,,Legendary,,,Grinning,Compact
143,Wall Street Trader #143,Wall Street Traders — 444 monochrome traders built with AI and curated by Commit Protocol.,143.png,https://commitprotocol.org/wall-street-traders/,Human,Male,Original,Standard,,Straight,Short,,Common,,,Slight Smile,Long
144,Wall Street Trader #144,Wall Street Traders — 444 monochrome traders built with AI and curated by Commit Protocol.,144.png,https://commitprotocol.org/wall-street-traders/,Human,Male,Original,Standard,,Spiky,Short,,Common,,,Grinning,Balanced
145,Wall Street Trader #145,Wall Street Traders — 444 monochrome traders built with AI and curated by Commit Protocol.,145.png,https://commitprotocol.org/wall-street-traders/,Human,Female,Original,Standard,Hijab,,,,Rare,,,Smirk,Soft
146,Wall Street Trader #146,Wall Street Traders — 444 monochrome traders built with AI and curated by Commit Protocol.,146.png,https://commitprotocol.org/wall-street-traders/,Human,Female,Original,Standard,,Spiky,Short,,Common,,,Slight Smile,Long
147,Wall Street Trader #147,Wall Street Traders — 444 monochrome traders built with AI and curated by Commit Protocol.,147.png,https://commitprotocol.org/wall-street-traders/,Human,Female,Original,Standard,,Coily,Short,,Common,,,Smirk,Soft
148,Wall Street Trader #148,Wall Street Traders — 444 monochrome traders built with AI and curated by Commit Protocol.,148.png,https://commitprotocol.org/wall-street-traders/,Human,Female,Original,Standard,,Ponytail,Long,,Rare,,,Stern,Compact
149,Wall Street Trader #149,Wall Street Traders — 444 monochrome traders built with AI and curated by Commit Protocol.,149.png,https://commitprotocol.org/wall-street-traders/,Human,Female,Original,Standard,,Wavy,Medium,,Common,,,Grinning,Angular
150,Wall Street Trader #150,Wall Street Traders — 444 monochrome traders built with AI and curated by Commit Protocol.,150.png,https://commitprotocol.org/wall-street-traders/,Human,Male,Original,Standard,,Thinning,Short,,Rare,,,Stern,Balanced
151,Wall Street Trader #151,Wall Street Traders — 444 monochrome traders built with AI and curated by Commit Protocol.,151.png,https://commitprotocol.org/wall-street-traders/,Human,Male,Original,Standard,,Wavy,Short,Beard,Common,,,Stern,Long
152,Wall Street Trader #152,Wall Street Traders — 444 monochrome traders built with AI and curated by Commit Protocol.,152.png,https://commitprotocol.org/wall-street-traders/,Human,Male,Original,Standard,,Straight,Short,,Common,,,Smirk,Long
153,Wall Street Trader #153,Wall Street Traders — 444 monochrome traders built with AI and curated by Commit Protocol.,153.png,https://commitprotocol.org/wall-street-traders/,Human,Female,Original,Standard,,Wavy,Long,,Common,,,Slight Smile,Angular
154,Wall Street Trader #154,Wall Street Traders — 444 monochrome traders built with AI and curated by Commit Protocol.,154.png,https://commitprotocol.org/wall-street-traders/,Human,Male,Original,Standard,,Ponytail,Long,,Rare,,,Smirk,Soft
155,Wall Street Trader #155,Wall Street Traders — 444 monochrome traders built with AI and curated by Commit Protocol.,155.png,https://commitprotocol.org/wall-street-traders/,Human,Female,Original,Standard,,Curly,Medium,,Common,,,Calm,Oval
156,Wall Street Trader #156,Wall Street Traders — 444 monochrome traders built with AI and curated by Commit Protocol.,156.png,https://commitprotocol.org/wall-street-traders/,Human,Female,Original,Standard,,Straight,Short,,Common,,,Stern,Oval
157,Wall Street Trader #157,Wall Street Traders — 444 monochrome traders built with AI and curated by Commit Protocol.,157.png,https://commitprotocol.org/wall-street-traders/,Human,Male,Original,Standard,,Buzz Cut,Short,Stubble,Common,,,Slight Smile,Soft
158,Wall Street Trader #158,Wall Street Traders — 444 monochrome traders built with AI and curated by Commit Protocol.,158.png,https://commitprotocol.org/wall-street-traders/,Human,Male,Original,Standard,,Straight,Short,Mustache,Rare,,,Smirk,Soft
159,Wall Street Trader #159,Wall Street Traders — 444 monochrome traders built with AI and curated by Commit Protocol.,159.png,https://commitprotocol.org/wall-street-traders/,Human,Female,Original,Standard,,Straight,Long,,Common,,,Smirk,Long
160,Wall Street Trader #160,Wall Street Traders — 444 monochrome traders built with AI and curated by Commit Protocol.,160.png,https://commitprotocol.org/wall-street-traders/,Human,Male,Original,Standard,,Curly,Short,Mustache,Rare,,,Stern,Oval
161,Wall Street Trader #161,Wall Street Traders — 444 monochrome traders built with AI and curated by Commit Protocol.,161.png,https://commitprotocol.org/wall-street-traders/,Human,Female,Original,Standard,,Straight,Long,,Common,,,Grinning,Long
162,Wall Street Trader #162,Wall Street Traders — 444 monochrome traders built with AI and curated by Commit Protocol.,162.png,https://commitprotocol.org/wall-street-traders/,Human,Female,Original,Standard,,Spiky,Short,,Common,,,Stern,Oval
163,Wall Street Trader #163,Wall Street Traders — 444 monochrome traders built with AI and curated by Commit Protocol.,163.png,https://commitprotocol.org/wall-street-traders/,Human,Female,Original,Standard,,Wavy,Medium,,Common,,,Stern,Wide
164,Wall Street Trader #164,Wall Street Traders — 444 monochrome traders built with AI and curated by Commit Protocol.,164.png,https://commitprotocol.org/wall-street-traders/,Human,Male,Original,Standard,,Wavy,Short,,Common,,,Smirk,Oval
165,Wall Street Trader #165,Wall Street Traders — 444 monochrome traders built with AI and curated by Commit Protocol.,165.png,https://commitprotocol.org/wall-street-traders/,Human,Male,Pop Culture,Standard,,Spiky,Short,,Legendary,,Tribal Face Markings,Calm,Balanced
166,Wall Street Trader #166,Wall Street Traders — 444 monochrome traders built with AI and curated by Commit Protocol.,166.png,https://commitprotocol.org/wall-street-traders/,Alien,Unspecified,Original,Alien,,,,,Rare,,,Calm,Balanced
167,Wall Street Trader #167,Wall Street Traders — 444 monochrome traders built with AI and curated by Commit Protocol.,167.png,https://commitprotocol.org/wall-street-traders/,Human,Male,Original,Standard,,Wavy,Short,,Common,,,Smirk,Soft
168,Wall Street Trader #168,Wall Street Traders — 444 monochrome traders built with AI and curated by Commit Protocol.,168.png,https://commitprotocol.org/wall-street-traders/,Human,Male,Original,Standard,,Curly,Short,,Common,,,Smirk,Soft
169,Wall Street Trader #169,Wall Street Traders — 444 monochrome traders built with AI and curated by Commit Protocol.,169.png,https://commitprotocol.org/wall-street-traders/,Human,Male,Original,Standard,,Wavy,Short,,Common,,,Stern,Round
170,Wall Street Trader #170,Wall Street Traders — 444 monochrome traders built with AI and curated by Commit Protocol.,170.png,https://commitprotocol.org/wall-street-traders/,Human,Male,Original,Standard,,Bald,,,Rare,,,Grinning,Angular
171,Wall Street Trader #171,Wall Street Traders — 444 monochrome traders built with AI and curated by Commit Protocol.,171.png,https://commitprotocol.org/wall-street-traders/,Human,Female,Original,Standard,,Straight,Long,,Common,,,Calm,Long
172,Wall Street Trader #172,Wall Street Traders — 444 monochrome traders built with AI and curated by Commit Protocol.,172.png,https://commitprotocol.org/wall-street-traders/,Human,Male,Original,Standard,,Wavy,Short,,Common,,,Calm,Soft
173,Wall Street Trader #173,Wall Street Traders — 444 monochrome traders built with AI and curated by Commit Protocol.,173.png,https://commitprotocol.org/wall-street-traders/,Alien,Unspecified,Original,Alien,,,,,Rare,,,Stern,Balanced
174,Wall Street Trader #174,Wall Street Traders — 444 monochrome traders built with AI and curated by Commit Protocol.,174.png,https://commitprotocol.org/wall-street-traders/,Human,Male,Original,Standard,,Thinning,Short,,Rare,,,Smirk,Angular
175,Wall Street Trader #175,Wall Street Traders — 444 monochrome traders built with AI and curated by Commit Protocol.,175.png,https://commitprotocol.org/wall-street-traders/,Human,Male,Original,Standard,,Wavy,Medium,Beard,Common,,,Stern,Wide
176,Wall Street Trader #176,Wall Street Traders — 444 monochrome traders built with AI and curated by Commit Protocol.,176.png,https://commitprotocol.org/wall-street-traders/,Human,Male,Original,Standard,,Wavy,Short,,Common,,,Smirk,Wide
177,Wall Street Trader #177,Wall Street Traders — 444 monochrome traders built with AI and curated by Commit Protocol.,177.png,https://commitprotocol.org/wall-street-traders/,Human,Female,Original,Standard,,Straight,Medium,,Common,,,Slight Smile,Angular
178,Wall Street Trader #178,Wall Street Traders — 444 monochrome traders built with AI and curated by Commit Protocol.,178.png,https://commitprotocol.org/wall-street-traders/,Human,Male,Original,Standard,,Spiky,Short,Beard,Common,,,Smirk,Long
179,Wall Street Trader #179,Wall Street Traders — 444 monochrome traders built with AI and curated by Commit Protocol.,179.png,https://commitprotocol.org/wall-street-traders/,Human,Female,Pop Culture,Standard,,Straight,Long,,Rare,,Forehead Dots,Distinctive,Angular
180,Wall Street Trader #180,Wall Street Traders — 444 monochrome traders built with AI and curated by Commit Protocol.,180.png,https://commitprotocol.org/wall-street-traders/,Human,Female,Original,Standard,,Wavy,Long,,Common,,,Smirk,Wide
181,Wall Street Trader #181,Wall Street Traders — 444 monochrome traders built with AI and curated by Commit Protocol.,181.png,https://commitprotocol.org/wall-street-traders/,Human,Male,Original,Standard,,Wavy,Short,,Common,,,Slight Smile,Oval
182,Wall Street Trader #182,Wall Street Traders — 444 monochrome traders built with AI and curated by Commit Protocol.,182.png,https://commitprotocol.org/wall-street-traders/,Human,Male,Original,Standard,,Wavy,Short,Beard,Common,,,Slight Smile,Long
183,Wall Street Trader #183,Wall Street Traders — 444 monochrome traders built with AI and curated by Commit Protocol.,183.png,https://commitprotocol.org/wall-street-traders/,Human,Female,Original,Standard,,Straight,Medium,,Common,,,Slight Smile,Round
184,Wall Street Trader #184,Wall Street Traders — 444 monochrome traders built with AI and curated by Commit Protocol.,184.png,https://commitprotocol.org/wall-street-traders/,Human,Female,Original,Standard,,Spiky,Short,,Common,,,Smirk,Oval
185,Wall Street Trader #185,Wall Street Traders — 444 monochrome traders built with AI and curated by Commit Protocol.,185.png,https://commitprotocol.org/wall-street-traders/,Human,Female,Original,Standard,,Bun,Long,,Rare,,,Smirk,Oval
186,Wall Street Trader #186,Wall Street Traders — 444 monochrome traders built with AI and curated by Commit Protocol.,186.png,https://commitprotocol.org/wall-street-traders/,Alien,Unspecified,Original,Alien,,,,,Rare,,,Grinning,Narrow
187,Wall Street Trader #187,Wall Street Traders — 444 monochrome traders built with AI and curated by Commit Protocol.,187.png,https://commitprotocol.org/wall-street-traders/,Human,Male,Original,Standard,,Curly,Short,Beard,Common,,,Calm,Long
188,Wall Street Trader #188,Wall Street Traders — 444 monochrome traders built with AI and curated by Commit Protocol.,188.png,https://commitprotocol.org/wall-street-traders/,Human,Female,Original,Standard,,Straight,Medium,,Common,,,Slight Smile,Wide
189,Wall Street Trader #189,Wall Street Traders — 444 monochrome traders built with AI and curated by Commit Protocol.,189.png,https://commitprotocol.org/wall-street-traders/,Alien,Unspecified,Original,Alien,,,,,Rare,,,Serious,Compact
190,Wall Street Trader #190,Wall Street Traders — 444 monochrome traders built with AI and curated by Commit Protocol.,190.png,https://commitprotocol.org/wall-street-traders/,Human,Female,Original,Standard,,Ponytail,Long,,Rare,,,Grinning,Oval
191,Wall Street Trader #191,Wall Street Traders — 444 monochrome traders built with AI and curated by Commit Protocol.,191.png,https://commitprotocol.org/wall-street-traders/,Human,Female,Original,Standard,,Spiky,Short,,Common,,,Slight Smile,Oval
192,Wall Street Trader #192,Wall Street Traders — 444 monochrome traders built with AI and curated by Commit Protocol.,192.png,https://commitprotocol.org/wall-street-traders/,Human,Female,Original,Standard,,Straight,Medium,,Common,,,Stern,Balanced
193,Wall Street Trader #193,Wall Street Traders — 444 monochrome traders built with AI and curated by Commit Protocol.,193.png,https://commitprotocol.org/wall-street-traders/,Human,Male,Original,Standard,,Buzz Cut,Short,,Common,,,Smirk,Long
194,Wall Street Trader #194,Wall Street Traders — 444 monochrome traders built with AI and curated by Commit Protocol.,194.png,https://commitprotocol.org/wall-street-traders/,Human,Female,Original,Standard,,Straight,Long,,Common,,,Smirk,Compact
195,Wall Street Trader #195,Wall Street Traders — 444 monochrome traders built with AI and curated by Commit Protocol.,195.png,https://commitprotocol.org/wall-street-traders/,Skeleton,Unspecified,Original,Hollow,,,,,Rare,,,Calm,Compact
196,Wall Street Trader #196,Wall Street Traders — 444 monochrome traders built with AI and curated by Commit Protocol.,196.png,https://commitprotocol.org/wall-street-traders/,Human,Female,Original,Standard,,Wavy,Long,,Common,,,Slight Smile,Compact
197,Wall Street Trader #197,Wall Street Traders — 444 monochrome traders built with AI and curated by Commit Protocol.,197.png,https://commitprotocol.org/wall-street-traders/,Human,Male,Original,Standard,,Thinning,Short,,Rare,,,Grinning,Angular
198,Wall Street Trader #198,Wall Street Traders — 444 monochrome traders built with AI and curated by Commit Protocol.,198.png,https://commitprotocol.org/wall-street-traders/,Human,Female,Pop Culture,Standard,Hair Bow,Wavy,Long,,Legendary,,,Calm,Compact
199,Wall Street Trader #199,Wall Street Traders — 444 monochrome traders built with AI and curated by Commit Protocol.,199.png,https://commitprotocol.org/wall-street-traders/,Human,Female,Original,Standard,,Straight,Medium,,Common,,,Stern,Round
200,Wall Street Trader #200,Wall Street Traders — 444 monochrome traders built with AI and curated by Commit Protocol.,200.png,https://commitprotocol.org/wall-street-traders/,Human,Female,Original,Standard,,Curly,Medium,,Common,,,Slight Smile,Long
201,Wall Street Trader #201,Wall Street Traders — 444 monochrome traders built with AI and curated by Commit Protocol.,201.png,https://commitprotocol.org/wall-street-traders/,Human,Male,Original,Standard,,Spiky,Short,Stubble,Common,,,Smirk,Long
202,Wall Street Trader #202,Wall Street Traders — 444 monochrome traders built with AI and curated by Commit Protocol.,202.png,https://commitprotocol.org/wall-street-traders/,Human,Female,Original,Standard,Crown,Straight,Medium,,Legendary,,,Slight Smile,Oval
203,Wall Street Trader #203,Wall Street Traders — 444 monochrome traders built with AI and curated by Commit Protocol.,203.png,https://commitprotocol.org/wall-street-traders/,Human,Male,Original,Standard,,Thinning,Short,,Rare,,,Calm,Compact
204,Wall Street Trader #204,Wall Street Traders — 444 monochrome traders built with AI and curated by Commit Protocol.,204.png,https://commitprotocol.org/wall-street-traders/,Human,Male,Original,Standard,,Receding,Short,Stubble,Rare,,,Calm,Long
205,Wall Street Trader #205,Wall Street Traders — 444 monochrome traders built with AI and curated by Commit Protocol.,205.png,https://commitprotocol.org/wall-street-traders/,Human,Male,Pop Culture,Standard,,Spiky,Medium,,Legendary,,Freckles,Stern,Oval
206,Wall Street Trader #206,Wall Street Traders — 444 monochrome traders built with AI and curated by Commit Protocol.,206.png,https://commitprotocol.org/wall-street-traders/,Human,Male,Pop Culture,Standard,,Spiky,Short,,Legendary,,Stitched Facial Scar,Stern,Oval
207,Wall Street Trader #207,Wall Street Traders — 444 monochrome traders built with AI and curated by Commit Protocol.,207.png,https://commitprotocol.org/wall-street-traders/,Human,Female,Original,Standard,,Wavy,Long,,Common,,,Stern,Oval
208,Wall Street Trader #208,Wall Street Traders — 444 monochrome traders built with AI and curated by Commit Protocol.,208.png,https://commitprotocol.org/wall-street-traders/,Human,Female,Original,Standard,,Spiky,Short,,Common,,,Smirk,Wide
209,Wall Street Trader #209,Wall Street Traders — 444 monochrome traders built with AI and curated by Commit Protocol.,209.png,https://commitprotocol.org/wall-street-traders/,Human,Female,Original,Standard,,Straight,Medium,,Common,,,Grinning,Compact
210,Wall Street Trader #210,Wall Street Traders — 444 monochrome traders built with AI and curated by Commit Protocol.,210.png,https://commitprotocol.org/wall-street-traders/,Human,Male,Original,Standard,,Receding,Short,,Common,,,Grinning,Compact
211,Wall Street Trader #211,Wall Street Traders — 444 monochrome traders built with AI and curated by Commit Protocol.,211.png,https://commitprotocol.org/wall-street-traders/,Alien,Unspecified,Original,Alien,,,,,Rare,,,Smirk,Soft
212,Wall Street Trader #212,Wall Street Traders — 444 monochrome traders built with AI and curated by Commit Protocol.,212.png,https://commitprotocol.org/wall-street-traders/,Human,Male,Original,Standard,,Coily,Short,Beard,Common,,,Smirk,Long
213,Wall Street Trader #213,Wall Street Traders — 444 monochrome traders built with AI and curated by Commit Protocol.,213.png,https://commitprotocol.org/wall-street-traders/,Human,Female,Original,Standard,,Straight,Medium,,Common,,,Stern,Long
214,Wall Street Trader #214,Wall Street Traders — 444 monochrome traders built with AI and curated by Commit Protocol.,214.png,https://commitprotocol.org/wall-street-traders/,Human,Male,Original,Standard,,Receding,Short,,Common,,,Stern,Compact
215,Wall Street Trader #215,Wall Street Traders — 444 monochrome traders built with AI and curated by Commit Protocol.,215.png,https://commitprotocol.org/wall-street-traders/,Human,Male,Original,Standard,,Curly,Short,,Common,,,Grinning,Compact
216,Wall Street Trader #216,Wall Street Traders — 444 monochrome traders built with AI and curated by Commit Protocol.,216.png,https://commitprotocol.org/wall-street-traders/,Human,Female,Original,Standard,,Curly,Medium,,Common,,,Stern,Long
217,Wall Street Trader #217,Wall Street Traders — 444 monochrome traders built with AI and curated by Commit Protocol.,217.png,https://commitprotocol.org/wall-street-traders/,Human,Male,Original,Standard,Kufi,,Short,Beard,Rare,,,Slight Smile,Compact
218,Wall Street Trader #218,Wall Street Traders — 444 monochrome traders built with AI and curated by Commit Protocol.,218.png,https://commitprotocol.org/wall-street-traders/,Human,Male,Original,Standard,,Curly,Short,Stubble,Common,,,Slight Smile,Long
219,Wall Street Trader #219,Wall Street Traders — 444 monochrome traders built with AI and curated by Commit Protocol.,219.png,https://commitprotocol.org/wall-street-traders/,Alien,Unspecified,Original,Alien,,,,,Rare,,,Neutral,Balanced
220,Wall Street Trader #220,Wall Street Traders — 444 monochrome traders built with AI and curated by Commit Protocol.,220.png,https://commitprotocol.org/wall-street-traders/,Human,Female,Original,Standard,,Straight,Medium,,Common,,,Calm,Wide
221,Wall Street Trader #221,Wall Street Traders — 444 monochrome traders built with AI and curated by Commit Protocol.,221.png,https://commitprotocol.org/wall-street-traders/,Human,Female,Original,Standard,,Curly,Medium,,Common,,,Stern,Wide
222,Wall Street Trader #222,Wall Street Traders — 444 monochrome traders built with AI and curated by Commit Protocol.,222.png,https://commitprotocol.org/wall-street-traders/,Human,Male,Original,Standard,,Buzz Cut,Short,Stubble,Common,,,Slight Smile,Long
223,Wall Street Trader #223,Wall Street Traders — 444 monochrome traders built with AI and curated by Commit Protocol.,223.png,https://commitprotocol.org/wall-street-traders/,Human,Male,Original,Standard,,Coily,Short,Goatee,Rare,,,Smirk,Soft
224,Wall Street Trader #224,Wall Street Traders — 444 monochrome traders built with AI and curated by Commit Protocol.,224.png,https://commitprotocol.org/wall-street-traders/,Human,Female,Original,Standard,,Spiky,Short,,Common,,,Slight Smile,Wide
225,Wall Street Trader #225,Wall Street Traders — 444 monochrome traders built with AI and curated by Commit Protocol.,225.png,https://commitprotocol.org/wall-street-traders/,Human,Male,Original,Standard,,Spiky,Short,,Common,,,Smirk,Balanced
226,Wall Street Trader #226,Wall Street Traders — 444 monochrome traders built with AI and curated by Commit Protocol.,226.png,https://commitprotocol.org/wall-street-traders/,Human,Male,Original,Standard,,Spiky,Short,,Common,,,Smirk,Wide
227,Wall Street Trader #227,Wall Street Traders — 444 monochrome traders built with AI and curated by Commit Protocol.,227.png,https://commitprotocol.org/wall-street-traders/,Human,Male,Original,Standard,,Spiky,Short,,Common,,,Smirk,Soft
228,Wall Street Trader #228,Wall Street Traders — 444 monochrome traders built with AI and curated by Commit Protocol.,228.png,https://commitprotocol.org/wall-street-traders/,Human,Male,Original,Standard,,Coily,Short,Goatee,Rare,,,Calm,Long
229,Wall Street Trader #229,Wall Street Traders — 444 monochrome traders built with AI and curated by Commit Protocol.,229.png,https://commitprotocol.org/wall-street-traders/,Human,Male,Original,Standard,,Wavy,Short,Stubble,Common,,,Stern,Long
230,Wall Street Trader #230,Wall Street Traders — 444 monochrome traders built with AI and curated by Commit Protocol.,230.png,https://commitprotocol.org/wall-street-traders/,Human,Male,Original,Standard,,Curly,Short,Stubble,Common,,,Smirk,Long
231,Wall Street Trader #231,Wall Street Traders — 444 monochrome traders built with AI and curated by Commit Protocol.,231.png,https://commitprotocol.org/wall-street-traders/,Human,Male,Original,Standard,,Straight,Short,,Common,,,Grinning,Soft
232,Wall Street Trader #232,Wall Street Traders — 444 monochrome traders built with AI and curated by Commit Protocol.,232.png,https://commitprotocol.org/wall-street-traders/,Human,Female,Original,Standard,,Straight,Long,,Common,,,Grinning,Wide
233,Wall Street Trader #233,Wall Street Traders — 444 monochrome traders built with AI and curated by Commit Protocol.,233.png,https://commitprotocol.org/wall-street-traders/,Human,Female,Original,Standard,,Curly,Medium,,Common,,,Slight Smile,Compact
234,Wall Street Trader #234,Wall Street Traders — 444 monochrome traders built with AI and curated by Commit Protocol.,234.png,https://commitprotocol.org/wall-street-traders/,Human,Male,Original,Standard,,Spiky,Short,Beard,Common,,,Smirk,Soft
235,Wall Street Trader #235,Wall Street Traders — 444 monochrome traders built with AI and curated by Commit Protocol.,235.png,https://commitprotocol.org/wall-street-traders/,Human,Female,Original,Standard,,Straight,Long,,Common,,,Slight Smile,Wide
236,Wall Street Trader #236,Wall Street Traders — 444 monochrome traders built with AI and curated by Commit Protocol.,236.png,https://commitprotocol.org/wall-street-traders/,Human,Male,Original,Standard,,Coily,Short,Goatee,Rare,,,Smirk,Long
237,Wall Street Trader #237,Wall Street Traders — 444 monochrome traders built with AI and curated by Commit Protocol.,237.png,https://commitprotocol.org/wall-street-traders/,Human,Female,Original,Standard,,Bun,Long,,Rare,,,Smirk,Long
238,Wall Street Trader #238,Wall Street Traders — 444 monochrome traders built with AI and curated by Commit Protocol.,238.png,https://commitprotocol.org/wall-street-traders/,Human,Male,Original,Standard,,Straight,Long,,Common,,,Slight Smile,Long
239,Wall Street Trader #239,Wall Street Traders — 444 monochrome traders built with AI and curated by Commit Protocol.,239.png,https://commitprotocol.org/wall-street-traders/,Human,Male,Original,Standard,Turban,,,Beard,Legendary,,,Slight Smile,Compact
240,Wall Street Trader #240,Wall Street Traders — 444 monochrome traders built with AI and curated by Commit Protocol.,240.png,https://commitprotocol.org/wall-street-traders/,Human,Female,Original,Standard,,Ponytail,Long,,Rare,,,Calm,Oval
241,Wall Street Trader #241,Wall Street Traders — 444 monochrome traders built with AI and curated by Commit Protocol.,241.png,https://commitprotocol.org/wall-street-traders/,Human,Male,Original,Standard,,Receding,Short,,Common,,,Smirk,Soft
242,Wall Street Trader #242,Wall Street Traders — 444 monochrome traders built with AI and curated by Commit Protocol.,242.png,https://commitprotocol.org/wall-street-traders/,Ape,Unspecified,Web3 Tribute,Laser,,,,,Legendary,,,Stern,Oval
243,Wall Street Trader #243,Wall Street Traders — 444 monochrome traders built with AI and curated by Commit Protocol.,243.png,https://commitprotocol.org/wall-street-traders/,Human,Male,Pop Culture,Scarlet Tomoe Eyes,,Spiky,Medium,,Legendary,,,Neutral,Round
244,Wall Street Trader #244,Wall Street Traders — 444 monochrome traders built with AI and curated by Commit Protocol.,244.png,https://commitprotocol.org/wall-street-traders/,Human,Male,Original,Standard,,Receding,Short,Stubble,Rare,,,Smirk,Soft
245,Wall Street Trader #245,Wall Street Traders — 444 monochrome traders built with AI and curated by Commit Protocol.,245.png,https://commitprotocol.org/wall-street-traders/,Human,Male,Original,Laser,,Buzz Cut,Short,Beard,Legendary,,,Grinning,Soft
246,Wall Street Trader #246,Wall Street Traders — 444 monochrome traders built with AI and curated by Commit Protocol.,246.png,https://commitprotocol.org/wall-street-traders/,Human,Female,Original,Standard,,Ponytail,Long,,Rare,,,Stern,Oval
247,Wall Street Trader #247,Wall Street Traders — 444 monochrome traders built with AI and curated by Commit Protocol.,247.png,https://commitprotocol.org/wall-street-traders/,Human,Female,Original,Standard,,Wavy,Long,,Common,,,Slight Smile,Balanced
248,Wall Street Trader #248,Wall Street Traders — 444 monochrome traders built with AI and curated by Commit Protocol.,248.png,https://commitprotocol.org/wall-street-traders/,Human,Male,Original,Standard,,Buzz Cut,Short,Goatee,Rare,,,Calm,Long
249,Wall Street Trader #249,Wall Street Traders — 444 monochrome traders built with AI and curated by Commit Protocol.,249.png,https://commitprotocol.org/wall-street-traders/,Human,Male,Original,Standard,,Spiky,Short,,Common,,,Calm,Soft
250,Wall Street Trader #250,Wall Street Traders — 444 monochrome traders built with AI and curated by Commit Protocol.,250.png,https://commitprotocol.org/wall-street-traders/,Alien,Unspecified,Original,Alien,,,,,Rare,,,Calm,Wide
251,Wall Street Trader #251,Wall Street Traders — 444 monochrome traders built with AI and curated by Commit Protocol.,251.png,https://commitprotocol.org/wall-street-traders/,Human,Male,Original,Standard,,Curly,Short,,Common,,,Slight Smile,Wide
252,Wall Street Trader #252,Wall Street Traders — 444 monochrome traders built with AI and curated by Commit Protocol.,252.png,https://commitprotocol.org/wall-street-traders/,Alien,Unspecified,Original,Alien,,,,,Rare,,,Distinctive,Angular
253,Wall Street Trader #253,Wall Street Traders — 444 monochrome traders built with AI and curated by Commit Protocol.,253.png,https://commitprotocol.org/wall-street-traders/,Human,Female,Original,Standard,,Wavy,Medium,,Common,,,Stern,Oval
254,Wall Street Trader #254,Wall Street Traders — 444 monochrome traders built with AI and curated by Commit Protocol.,254.png,https://commitprotocol.org/wall-street-traders/,Alien,Unspecified,Original,Alien,,,,,Rare,,,Neutral,Soft
255,Wall Street Trader #255,Wall Street Traders — 444 monochrome traders built with AI and curated by Commit Protocol.,255.png,https://commitprotocol.org/wall-street-traders/,Human,Male,Pop Culture,Standard,,Bald,,,Legendary,,Forehead Dots,Grinning,Balanced
256,Wall Street Trader #256,Wall Street Traders — 444 monochrome traders built with AI and curated by Commit Protocol.,256.png,https://commitprotocol.org/wall-street-traders/,Human,Male,Original,Standard,,Buzz Cut,Short,,Common,,,Slight Smile,Long
257,Wall Street Trader #257,Wall Street Traders — 444 monochrome traders built with AI and curated by Commit Protocol.,257.png,https://commitprotocol.org/wall-street-traders/,Human,Female,Original,Standard,,Coily,Long,,Common,,,Slight Smile,Long
258,Wall Street Trader #258,Wall Street Traders — 444 monochrome traders built with AI and curated by Commit Protocol.,258.png,https://commitprotocol.org/wall-street-traders/,Human,Male,Original,Standard,,Wavy,Short,,Common,,,Stern,Compact
259,Wall Street Trader #259,Wall Street Traders — 444 monochrome traders built with AI and curated by Commit Protocol.,259.png,https://commitprotocol.org/wall-street-traders/,Human,Female,Original,Standard,,Wavy,Long,,Common,,,Smirk,Oval
260,Wall Street Trader #260,Wall Street Traders — 444 monochrome traders built with AI and curated by Commit Protocol.,260.png,https://commitprotocol.org/wall-street-traders/,Human,Female,Original,Standard,,Wavy,Short,,Common,,,Serious,Compact
261,Wall Street Trader #261,Wall Street Traders — 444 monochrome traders built with AI and curated by Commit Protocol.,261.png,https://commitprotocol.org/wall-street-traders/,Human,Female,Original,Standard,,Spiky,Short,,Common,,,Smirk,Long
262,Wall Street Trader #262,Wall Street Traders — 444 monochrome traders built with AI and curated by Commit Protocol.,262.png,https://commitprotocol.org/wall-street-traders/,Human,Male,Original,Standard,,Wavy,Medium,Stubble,Common,,,Slight Smile,Long
263,Wall Street Trader #263,Wall Street Traders — 444 monochrome traders built with AI and curated by Commit Protocol.,263.png,https://commitprotocol.org/wall-street-traders/,Human,Female,Original,Standard,,Curly,Long,,Common,,,Slight Smile,Long
264,Wall Street Trader #264,Wall Street Traders — 444 monochrome traders built with AI and curated by Commit Protocol.,264.png,https://commitprotocol.org/wall-street-traders/,Human,Female,Original,Standard,,Wavy,Long,,Common,,,Grinning,Balanced
265,Wall Street Trader #265,Wall Street Traders — 444 monochrome traders built with AI and curated by Commit Protocol.,265.png,https://commitprotocol.org/wall-street-traders/,Human,Female,Original,Standard,,Wavy,Long,,Common,,,Calm,Compact
266,Wall Street Trader #266,Wall Street Traders — 444 monochrome traders built with AI and curated by Commit Protocol.,266.png,https://commitprotocol.org/wall-street-traders/,Human,Male,Original,Standard,,Spiky,Short,Goatee,Common,,,Slight Smile,Long
267,Wall Street Trader #267,Wall Street Traders — 444 monochrome traders built with AI and curated by Commit Protocol.,267.png,https://commitprotocol.org/wall-street-traders/,Human,Female,Pop Culture,Standard,,Wavy,Long,,Rare,,,Serious,Narrow
268,Wall Street Trader #268,Wall Street Traders — 444 monochrome traders built with AI and curated by Commit Protocol.,268.png,https://commitprotocol.org/wall-street-traders/,Skeleton,Unspecified,Original,Hollow,,,,,Rare,,,Calm,Balanced
269,Wall Street Trader #269,Wall Street Traders — 444 monochrome traders built with AI and curated by Commit Protocol.,269.png,https://commitprotocol.org/wall-street-traders/,Human,Male,Pop Culture,Standard,,Spiky,Short,,Legendary,,Under-Eye Marks,Smirk,Soft
270,Wall Street Trader #270,Wall Street Traders — 444 monochrome traders built with AI and curated by Commit Protocol.,270.png,https://commitprotocol.org/wall-street-traders/,Human,Male,Original,Standard,Turban,,,Beard,Legendary,,,Grinning,Compact
271,Wall Street Trader #271,Wall Street Traders — 444 monochrome traders built with AI and curated by Commit Protocol.,271.png,https://commitprotocol.org/wall-street-traders/,Human,Male,Original,Standard,,Receding,Short,,Common,,,Calm,Compact
272,Wall Street Trader #272,Wall Street Traders — 444 monochrome traders built with AI and curated by Commit Protocol.,272.png,https://commitprotocol.org/wall-street-traders/,Human,Male,Original,Standard,,Straight,Short,,Common,,,Smirk,Compact
273,Wall Street Trader #273,Wall Street Traders — 444 monochrome traders built with AI and curated by Commit Protocol.,273.png,https://commitprotocol.org/wall-street-traders/,Human,Male,Original,Standard,,Wavy,Short,Stubble,Common,,,Calm,Compact
274,Wall Street Trader #274,Wall Street Traders — 444 monochrome traders built with AI and curated by Commit Protocol.,274.png,https://commitprotocol.org/wall-street-traders/,Human,Male,Original,Standard,,Wavy,Short,,Common,,,Slight Smile,Compact
275,Wall Street Trader #275,Wall Street Traders — 444 monochrome traders built with AI and curated by Commit Protocol.,275.png,https://commitprotocol.org/wall-street-traders/,Human,Male,Original,Standard,,Receding,Short,Goatee,Rare,,,Slight Smile,Compact
276,Wall Street Trader #276,Wall Street Traders — 444 monochrome traders built with AI and curated by Commit Protocol.,276.png,https://commitprotocol.org/wall-street-traders/,Human,Male,Original,Standard,,Spiky,Short,Mustache,Rare,,,Smirk,Long
277,Wall Street Trader #277,Wall Street Traders — 444 monochrome traders built with AI and curated by Commit Protocol.,277.png,https://commitprotocol.org/wall-street-traders/,Human,Male,Original,Standard,,Wavy,Short,,Common,,,Smirk,Compact
278,Wall Street Trader #278,Wall Street Traders — 444 monochrome traders built with AI and curated by Commit Protocol.,278.png,https://commitprotocol.org/wall-street-traders/,Human,Female,Original,Standard,,Straight,Long,,Common,,,Smirk,Soft
279,Wall Street Trader #279,Wall Street Traders — 444 monochrome traders built with AI and curated by Commit Protocol.,279.png,https://commitprotocol.org/wall-street-traders/,Human,Male,Original,Standard,,Wavy,Short,,Common,,,Slight Smile,Long
280,Wall Street Trader #280,Wall Street Traders — 444 monochrome traders built with AI and curated by Commit Protocol.,280.png,https://commitprotocol.org/wall-street-traders/,Human,Female,Original,Standard,,Curly,Medium,,Common,,,Stern,Oval
281,Wall Street Trader #281,Wall Street Traders — 444 monochrome traders built with AI and curated by Commit Protocol.,281.png,https://commitprotocol.org/wall-street-traders/,Human,Male,Original,Standard,,Spiky,Short,Goatee,Common,,,Smirk,Long
282,Wall Street Trader #282,Wall Street Traders — 444 monochrome traders built with AI and curated by Commit Protocol.,282.png,https://commitprotocol.org/wall-street-traders/,Human,Male,Original,Standard,,Wavy,Short,,Common,,,Stern,Wide
283,Wall Street Trader #283,Wall Street Traders — 444 monochrome traders built with AI and curated by Commit Protocol.,283.png,https://commitprotocol.org/wall-street-traders/,Human,Female,Original,Standard,Hijab,,,,Rare,,,Smirk,Long
284,Wall Street Trader #284,Wall Street Traders — 444 monochrome traders built with AI and curated by Commit Protocol.,284.png,https://commitprotocol.org/wall-street-traders/,Human,Female,Original,Standard,,Curly,Long,,Common,,,Calm,Oval
285,Wall Street Trader #285,Wall Street Traders — 444 monochrome traders built with AI and curated by Commit Protocol.,285.png,https://commitprotocol.org/wall-street-traders/,Human,Female,Original,Standard,,Curly,Medium,,Common,,,Smirk,Oval
286,Wall Street Trader #286,Wall Street Traders — 444 monochrome traders built with AI and curated by Commit Protocol.,286.png,https://commitprotocol.org/wall-street-traders/,Human,Male,Original,Standard,,Wavy,Short,,Common,,,Calm,Wide
287,Wall Street Trader #287,Wall Street Traders — 444 monochrome traders built with AI and curated by Commit Protocol.,287.png,https://commitprotocol.org/wall-street-traders/,Human,Female,Original,Standard,,Straight,Medium,,Common,,,Slight Smile,Oval
288,Wall Street Trader #288,Wall Street Traders — 444 monochrome traders built with AI and curated by Commit Protocol.,288.png,https://commitprotocol.org/wall-street-traders/,Human,Female,Original,Standard,,Curly,Short,,Common,,,Stern,Wide
289,Wall Street Trader #289,Wall Street Traders — 444 monochrome traders built with AI and curated by Commit Protocol.,289.png,https://commitprotocol.org/wall-street-traders/,Human,Male,Original,Standard,,Buzz Cut,Short,Stubble,Common,,,Smirk,Soft
290,Wall Street Trader #290,Wall Street Traders — 444 monochrome traders built with AI and curated by Commit Protocol.,290.png,https://commitprotocol.org/wall-street-traders/,Human,Female,Original,Standard,,Curly,Long,,Common,,,Stern,Oval
291,Wall Street Trader #291,Wall Street Traders — 444 monochrome traders built with AI and curated by Commit Protocol.,291.png,https://commitprotocol.org/wall-street-traders/,Human,Female,Original,Standard,,Wavy,Medium,,Common,,,Grinning,Compact
292,Wall Street Trader #292,Wall Street Traders — 444 monochrome traders built with AI and curated by Commit Protocol.,292.png,https://commitprotocol.org/wall-street-traders/,Human,Male,Original,Standard,,Wavy,Short,Stubble,Common,,,Stern,Oval
293,Wall Street Trader #293,Wall Street Traders — 444 monochrome traders built with AI and curated by Commit Protocol.,293.png,https://commitprotocol.org/wall-street-traders/,Human,Male,Original,Standard,,Wavy,Short,,Common,,,Stern,Balanced
294,Wall Street Trader #294,Wall Street Traders — 444 monochrome traders built with AI and curated by Commit Protocol.,294.png,https://commitprotocol.org/wall-street-traders/,Human,Male,Pop Culture,Standard,,Straight,Medium,Goatee,Rare,,Eye Scar,Serious,Narrow
295,Wall Street Trader #295,Wall Street Traders — 444 monochrome traders built with AI and curated by Commit Protocol.,295.png,https://commitprotocol.org/wall-street-traders/,Human,Female,Original,Standard,Hijab,,,,Rare,,,Grinning,Compact
296,Wall Street Trader #296,Wall Street Traders — 444 monochrome traders built with AI and curated by Commit Protocol.,296.png,https://commitprotocol.org/wall-street-traders/,Human,Male,Original,Standard,,Wavy,Short,Beard,Common,,,Calm,Long
297,Wall Street Trader #297,Wall Street Traders — 444 monochrome traders built with AI and curated by Commit Protocol.,297.png,https://commitprotocol.org/wall-street-traders/,Human,Male,Original,Standard,,Buzz Cut,Short,Goatee,Rare,,,Smirk,Soft
298,Wall Street Trader #298,Wall Street Traders — 444 monochrome traders built with AI and curated by Commit Protocol.,298.png,https://commitprotocol.org/wall-street-traders/,Human,Female,Original,Standard,,Wavy,Long,,Common,,,Slight Smile,Wide
299,Wall Street Trader #299,Wall Street Traders — 444 monochrome traders built with AI and curated by Commit Protocol.,299.png,https://commitprotocol.org/wall-street-traders/,Human,Female,Original,Standard,,Wavy,Medium,,Common,,,Slight Smile,Oval
300,Wall Street Trader #300,Wall Street Traders — 444 monochrome traders built with AI and curated by Commit Protocol.,300.png,https://commitprotocol.org/wall-street-traders/,Human,Male,Original,Standard,,Buzz Cut,Short,Goatee,Rare,,,Slight Smile,Long
301,Wall Street Trader #301,Wall Street Traders — 444 monochrome traders built with AI and curated by Commit Protocol.,301.png,https://commitprotocol.org/wall-street-traders/,Human,Male,Original,Standard,,Coily,Short,,Common,,,Slight Smile,Soft
302,Wall Street Trader #302,Wall Street Traders — 444 monochrome traders built with AI and curated by Commit Protocol.,302.png,https://commitprotocol.org/wall-street-traders/,Human,Female,Original,Standard,,Straight,Medium,,Common,,,Slight Smile,Compact
303,Wall Street Trader #303,Wall Street Traders — 444 monochrome traders built with AI and curated by Commit Protocol.,303.png,https://commitprotocol.org/wall-street-traders/,Human,Female,Original,Standard,,Straight,Medium,,Common,,,Grinning,Angular
304,Wall Street Trader #304,Wall Street Traders — 444 monochrome traders built with AI and curated by Commit Protocol.,304.png,https://commitprotocol.org/wall-street-traders/,Skeleton,Unspecified,Original,Hollow,,,,,Rare,,,Smirk,Soft
305,Wall Street Trader #305,Wall Street Traders — 444 monochrome traders built with AI and curated by Commit Protocol.,305.png,https://commitprotocol.org/wall-street-traders/,Human,Male,Original,Standard,,Wavy,Short,,Common,,,Smirk,Round
306,Wall Street Trader #306,Wall Street Traders — 444 monochrome traders built with AI and curated by Commit Protocol.,306.png,https://commitprotocol.org/wall-street-traders/,Human,Female,Original,Standard,,Straight,Long,,Common,,,Calm,Oval
307,Wall Street Trader #307,Wall Street Traders — 444 monochrome traders built with AI and curated by Commit Protocol.,307.png,https://commitprotocol.org/wall-street-traders/,Human,Female,Original,Standard,,Curly,Long,,Common,,,Slight Smile,Oval
308,Wall Street Trader #308,Wall Street Traders — 444 monochrome traders built with AI and curated by Commit Protocol.,308.png,https://commitprotocol.org/wall-street-traders/,Human,Male,Original,Standard,,Wavy,Short,Stubble,Common,,,Slight Smile,Wide
309,Wall Street Trader #309,Wall Street Traders — 444 monochrome traders built with AI and curated by Commit Protocol.,309.png,https://commitprotocol.org/wall-street-traders/,Human,Male,Original,Standard,,Coily,Short,Beard,Common,,,Slight Smile,Long
310,Wall Street Trader #310,Wall Street Traders — 444 monochrome traders built with AI and curated by Commit Protocol.,310.png,https://commitprotocol.org/wall-street-traders/,Human,Male,Original,Standard,,Spiky,Short,,Common,,,Grinning,Soft
311,Wall Street Trader #311,Wall Street Traders — 444 monochrome traders built with AI and curated by Commit Protocol.,311.png,https://commitprotocol.org/wall-street-traders/,Human,Male,Pop Culture,Standard,,Spiky,Short,Goatee,Rare,,,Slight Smile,Long
312,Wall Street Trader #312,Wall Street Traders — 444 monochrome traders built with AI and curated by Commit Protocol.,312.png,https://commitprotocol.org/wall-street-traders/,Human,Female,Original,Standard,,Straight,Medium,,Common,,,Serious,Angular
313,Wall Street Trader #313,Wall Street Traders — 444 monochrome traders built with AI and curated by Commit Protocol.,313.png,https://commitprotocol.org/wall-street-traders/,Human,Male,Pop Culture,Standard,,Spiky,Short,,Legendary,Sunburst Earrings,Forehead Scar,Stern,Oval
314,Wall Street Trader #314,Wall Street Traders — 444 monochrome traders built with AI and curated by Commit Protocol.,314.png,https://commitprotocol.org/wall-street-traders/,Human,Female,Original,Standard,,Bun,Long,,Rare,,,Stern,Oval
315,Wall Street Trader #315,Wall Street Traders — 444 monochrome traders built with AI and curated by Commit Protocol.,315.png,https://commitprotocol.org/wall-street-traders/,Human,Female,Original,Standard,,Straight,Medium,,Common,,,Stern,Wide
316,Wall Street Trader #316,Wall Street Traders — 444 monochrome traders built with AI and curated by Commit Protocol.,316.png,https://commitprotocol.org/wall-street-traders/,Human,Male,Original,Standard,,Spiky,Short,,Common,,,Smirk,Long
317,Wall Street Trader #317,Wall Street Traders — 444 monochrome traders built with AI and curated by Commit Protocol.,317.png,https://commitprotocol.org/wall-street-traders/,Human,Male,Original,Standard,Keffiyeh,,,Beard,Legendary,,,Grinning,Angular
318,Wall Street Trader #318,Wall Street Traders — 444 monochrome traders built with AI and curated by Commit Protocol.,318.png,https://commitprotocol.org/wall-street-traders/,Human,Male,Original,Standard,,Wavy,Short,,Common,,,Neutral,Wide
319,Wall Street Trader #319,Wall Street Traders — 444 monochrome traders built with AI and curated by Commit Protocol.,319.png,https://commitprotocol.org/wall-street-traders/,Human,Male,Original,Standard,,Straight,Short,,Common,,,Distinctive,Angular
320,Wall Street Trader #320,Wall Street Traders — 444 monochrome traders built with AI and curated by Commit Protocol.,320.png,https://commitprotocol.org/wall-street-traders/,Human,Female,Original,Standard,Hijab,,,,Rare,,,Slight Smile,Angular
321,Wall Street Trader #321,Wall Street Traders — 444 monochrome traders built with AI and curated by Commit Protocol.,321.png,https://commitprotocol.org/wall-street-traders/,Human,Male,Original,Standard,,Buzz Cut,Short,,Common,,,Smirk,Soft
322,Wall Street Trader #322,Wall Street Traders — 444 monochrome traders built with AI and curated by Commit Protocol.,322.png,https://commitprotocol.org/wall-street-traders/,Alien,Unspecified,Original,Alien,,,,,Rare,,,Smirk,Balanced
323,Wall Street Trader #323,Wall Street Traders — 444 monochrome traders built with AI and curated by Commit Protocol.,323.png,https://commitprotocol.org/wall-street-traders/,Human,Female,Original,Standard,,Curly,Long,,Common,,,Stern,Long
324,Wall Street Trader #324,Wall Street Traders — 444 monochrome traders built with AI and curated by Commit Protocol.,324.png,https://commitprotocol.org/wall-street-traders/,Human,Female,Original,Standard,,Bun,Long,,Rare,,,Calm,Oval
325,Wall Street Trader #325,Wall Street Traders — 444 monochrome traders built with AI and curated by Commit Protocol.,325.png,https://commitprotocol.org/wall-street-traders/,Human,Female,Original,Standard,,Straight,Medium,,Common,,,Grinning,Wide
326,Wall Street Trader #326,Wall Street Traders — 444 monochrome traders built with AI and curated by Commit Protocol.,326.png,https://commitprotocol.org/wall-street-traders/,Human,Female,Original,Standard,,Straight,Long,,Common,,,Stern,Oval
327,Wall Street Trader #327,Wall Street Traders — 444 monochrome traders built with AI and curated by Commit Protocol.,327.png,https://commitprotocol.org/wall-street-traders/,Human,Male,Original,Standard,,Wavy,Medium,Stubble,Common,,,Stern,Compact
328,Wall Street Trader #328,Wall Street Traders — 444 monochrome traders built with AI and curated by Commit Protocol.,328.png,https://commitprotocol.org/wall-street-traders/,Human,Female,Original,Standard,,Ponytail,Long,,Rare,,,Slight Smile,Long
329,Wall Street Trader #329,Wall Street Traders — 444 monochrome traders built with AI and curated by Commit Protocol.,329.png,https://commitprotocol.org/wall-street-traders/,Human,Female,Original,Standard,,Wavy,Short,,Common,,,Stern,Wide
330,Wall Street Trader #330,Wall Street Traders — 444 monochrome traders built with AI and curated by Commit Protocol.,330.png,https://commitprotocol.org/wall-street-traders/,Human,Female,Original,Standard,,Straight,Long,,Common,,,Stern,Wide
331,Wall Street Trader #331,Wall Street Traders — 444 monochrome traders built with AI and curated by Commit Protocol.,331.png,https://commitprotocol.org/wall-street-traders/,Human,Male,Original,Standard,,Curly,Short,,Common,,,Grinning,Wide
332,Wall Street Trader #332,Wall Street Traders — 444 monochrome traders built with AI and curated by Commit Protocol.,332.png,https://commitprotocol.org/wall-street-traders/,Human,Female,Original,Standard,,Wavy,Long,,Common,,,Grinning,Oval
333,Wall Street Trader #333,Wall Street Traders — 444 monochrome traders built with AI and curated by Commit Protocol.,333.png,https://commitprotocol.org/wall-street-traders/,Human,Female,Original,Standard,,Wavy,Medium,,Common,,,Stern,Compact
334,Wall Street Trader #334,Wall Street Traders — 444 monochrome traders built with AI and curated by Commit Protocol.,334.png,https://commitprotocol.org/wall-street-traders/,Human,Male,Original,Standard,,Wavy,Short,,Common,,,Slight Smile,Balanced
335,Wall Street Trader #335,Wall Street Traders — 444 monochrome traders built with AI and curated by Commit Protocol.,335.png,https://commitprotocol.org/wall-street-traders/,Human,Male,Original,Standard,,Wavy,Short,,Common,,,Smirk,Long
336,Wall Street Trader #336,Wall Street Traders — 444 monochrome traders built with AI and curated by Commit Protocol.,336.png,https://commitprotocol.org/wall-street-traders/,Human,Female,Original,Standard,,Straight,Long,,Common,,,Grinning,Angular
337,Wall Street Trader #337,Wall Street Traders — 444 monochrome traders built with AI and curated by Commit Protocol.,337.png,https://commitprotocol.org/wall-street-traders/,Alien,Unspecified,Original,Alien,,,,,Rare,,,Calm,Oval
338,Wall Street Trader #338,Wall Street Traders — 444 monochrome traders built with AI and curated by Commit Protocol.,338.png,https://commitprotocol.org/wall-street-traders/,Human,Female,Original,Standard,,Wavy,Medium,,Common,,,Grinning,Long
339,Wall Street Trader #339,Wall Street Traders — 444 monochrome traders built with AI and curated by Commit Protocol.,339.png,https://commitprotocol.org/wall-street-traders/,Human,Female,Pop Culture,Standard,,Straight,Short,,Rare,,,Serious,Narrow
340,Wall Street Trader #340,Wall Street Traders — 444 monochrome traders built with AI and curated by Commit Protocol.,340.png,https://commitprotocol.org/wall-street-traders/,Human,Female,Pop Culture,Standard,,Straight,Long,,Legendary,Teardrop Earrings,,Calm,Long
341,Wall Street Trader #341,Wall Street Traders — 444 monochrome traders built with AI and curated by Commit Protocol.,341.png,https://commitprotocol.org/wall-street-traders/,Human,Male,Original,Standard,,Wavy,Short,Stubble,Common,,,Smirk,Wide
342,Wall Street Trader #342,Wall Street Traders — 444 monochrome traders built with AI and curated by Commit Protocol.,342.png,https://commitprotocol.org/wall-street-traders/,Human,Male,Pop Culture,Standard,,Spiky,Short,,Legendary,,Cheek Whisker Marks,Calm,Narrow
343,Wall Street Trader #343,Wall Street Traders — 444 monochrome traders built with AI and curated by Commit Protocol.,343.png,https://commitprotocol.org/wall-street-traders/,Human,Female,Original,Standard,,Wavy,Short,,Common,,,Grinning,Compact
344,Wall Street Trader #344,Wall Street Traders — 444 monochrome traders built with AI and curated by Commit Protocol.,344.png,https://commitprotocol.org/wall-street-traders/,Human,Female,Original,Standard,,Straight,Long,,Common,,,Smirk,Oval
345,Wall Street Trader #345,Wall Street Traders — 444 monochrome traders built with AI and curated by Commit Protocol.,345.png,https://commitprotocol.org/wall-street-traders/,Human,Male,Original,Laser,,Wavy,Short,Stubble,Legendary,,,Grinning,Compact
346,Wall Street Trader #346,Wall Street Traders — 444 monochrome traders built with AI and curated by Commit Protocol.,346.png,https://commitprotocol.org/wall-street-traders/,Human,Female,Original,Standard,,Straight,Medium,,Common,,,Grinning,Soft
347,Wall Street Trader #347,Wall Street Traders — 444 monochrome traders built with AI and curated by Commit Protocol.,347.png,https://commitprotocol.org/wall-street-traders/,Human,Male,Original,Standard,,Wavy,Short,Stubble,Common,,,Slight Smile,Oval
348,Wall Street Trader #348,Wall Street Traders — 444 monochrome traders built with AI and curated by Commit Protocol.,348.png,https://commitprotocol.org/wall-street-traders/,Human,Female,Original,Standard,,Curly,Long,,Common,,,Slight Smile,Wide
349,Wall Street Trader #349,Wall Street Traders — 444 monochrome traders built with AI and curated by Commit Protocol.,349.png,https://commitprotocol.org/wall-street-traders/,Human,Male,Original,Standard,,Wavy,Short,Stubble,Common,,,Grinning,Compact
350,Wall Street Trader #350,Wall Street Traders — 444 monochrome traders built with AI and curated by Commit Protocol.,350.png,https://commitprotocol.org/wall-street-traders/,Alien,Unspecified,Original,Alien,,,,,Rare,,,Slight Smile,Soft
351,Wall Street Trader #351,Wall Street Traders — 444 monochrome traders built with AI and curated by Commit Protocol.,351.png,https://commitprotocol.org/wall-street-traders/,Human,Female,Original,Standard,,Straight,Medium,,Common,,,Smirk,Compact
352,Wall Street Trader #352,Wall Street Traders — 444 monochrome traders built with AI and curated by Commit Protocol.,352.png,https://commitprotocol.org/wall-street-traders/,Human,Male,Original,Standard,,Coily,Short,,Common,,,Smirk,Soft
353,Wall Street Trader #353,Wall Street Traders — 444 monochrome traders built with AI and curated by Commit Protocol.,353.png,https://commitprotocol.org/wall-street-traders/,Human,Male,Original,Standard,,Spiky,Short,Stubble,Common,,,Slight Smile,Oval
354,Wall Street Trader #354,Wall Street Traders — 444 monochrome traders built with AI and curated by Commit Protocol.,354.png,https://commitprotocol.org/wall-street-traders/,Human,Male,Original,Standard,,Straight,Short,,Common,,,Smirk,Soft
355,Wall Street Trader #355,Wall Street Traders — 444 monochrome traders built with AI and curated by Commit Protocol.,355.png,https://commitprotocol.org/wall-street-traders/,Human,Male,Original,Standard,,Curly,Short,Beard,Common,,,Smirk,Soft
356,Wall Street Trader #356,Wall Street Traders — 444 monochrome traders built with AI and curated by Commit Protocol.,356.png,https://commitprotocol.org/wall-street-traders/,Human,Male,Original,Standard,,Coily,Short,,Common,,,Slight Smile,Wide
357,Wall Street Trader #357,Wall Street Traders — 444 monochrome traders built with AI and curated by Commit Protocol.,357.png,https://commitprotocol.org/wall-street-traders/,Human,Male,Original,Standard,,Wavy,Short,,Common,,,Grinning,Compact
358,Wall Street Trader #358,Wall Street Traders — 444 monochrome traders built with AI and curated by Commit Protocol.,358.png,https://commitprotocol.org/wall-street-traders/,Human,Female,Original,Standard,,Straight,Long,,Common,,,Grinning,Narrow
359,Wall Street Trader #359,Wall Street Traders — 444 monochrome traders built with AI and curated by Commit Protocol.,359.png,https://commitprotocol.org/wall-street-traders/,Human,Male,Original,Standard,,Wavy,Short,Beard,Common,,,Smirk,Soft
360,Wall Street Trader #360,Wall Street Traders — 444 monochrome traders built with AI and curated by Commit Protocol.,360.png,https://commitprotocol.org/wall-street-traders/,Skeleton,Unspecified,Pop Culture,Hollow,,Coily,Long,,Legendary,,,Neutral,Round
361,Wall Street Trader #361,Wall Street Traders — 444 monochrome traders built with AI and curated by Commit Protocol.,361.png,https://commitprotocol.org/wall-street-traders/,Human,Female,Original,Standard,,Straight,Medium,,Common,,,Grinning,Oval
362,Wall Street Trader #362,Wall Street Traders — 444 monochrome traders built with AI and curated by Commit Protocol.,362.png,https://commitprotocol.org/wall-street-traders/,Human,Male,Original,Standard,,Wavy,Short,Stubble,Common,,,Smirk,Long
363,Wall Street Trader #363,Wall Street Traders — 444 monochrome traders built with AI and curated by Commit Protocol.,363.png,https://commitprotocol.org/wall-street-traders/,Human,Male,Original,Standard,,Coily,Short,Goatee,Rare,,,Slight Smile,Oval
364,Wall Street Trader #364,Wall Street Traders — 444 monochrome traders built with AI and curated by Commit Protocol.,364.png,https://commitprotocol.org/wall-street-traders/,Human,Male,Original,Standard,,Spiky,Short,,Common,,,Calm,Long
365,Wall Street Trader #365,Wall Street Traders — 444 monochrome traders built with AI and curated by Commit Protocol.,365.png,https://commitprotocol.org/wall-street-traders/,Human,Male,Original,Standard,Crown,Straight,Short,,Legendary,,,Smirk,Soft
366,Wall Street Trader #366,Wall Street Traders — 444 monochrome traders built with AI and curated by Commit Protocol.,366.png,https://commitprotocol.org/wall-street-traders/,Human,Male,Original,Standard,,Curly,Short,,Common,,,Slight Smile,Oval
367,Wall Street Trader #367,Wall Street Traders — 444 monochrome traders built with AI and curated by Commit Protocol.,367.png,https://commitprotocol.org/wall-street-traders/,Human,Male,Original,Standard,,Buzz Cut,Short,Mustache,Rare,,,Distinctive,Angular
368,Wall Street Trader #368,Wall Street Traders — 444 monochrome traders built with AI and curated by Commit Protocol.,368.png,https://commitprotocol.org/wall-street-traders/,Human,Female,Original,Standard,,Wavy,Short,,Common,,,Stern,Compact
369,Wall Street Trader #369,Wall Street Traders — 444 monochrome traders built with AI and curated by Commit Protocol.,369.png,https://commitprotocol.org/wall-street-traders/,Human,Male,Original,Standard,,Wavy,Short,,Common,,,Stern,Oval
370,Wall Street Trader #370,Wall Street Traders — 444 monochrome traders built with AI and curated by Commit Protocol.,370.png,https://commitprotocol.org/wall-street-traders/,Human,Female,Original,Standard,,Straight,Long,,Common,,,Slight Smile,Narrow
371,Wall Street Trader #371,Wall Street Traders — 444 monochrome traders built with AI and curated by Commit Protocol.,371.png,https://commitprotocol.org/wall-street-traders/,Human,Male,Pop Culture,Standard,,Spiky,Medium,,Rare,,,Serious,Narrow
372,Wall Street Trader #372,Wall Street Traders — 444 monochrome traders built with AI and curated by Commit Protocol.,372.png,https://commitprotocol.org/wall-street-traders/,Human,Male,Original,Standard,,Wavy,Medium,Stubble,Common,,,Slight Smile,Oval
373,Wall Street Trader #373,Wall Street Traders — 444 monochrome traders built with AI and curated by Commit Protocol.,373.png,https://commitprotocol.org/wall-street-traders/,Human,Male,Original,Standard,,Wavy,Short,,Common,,,Smirk,Angular
374,Wall Street Trader #374,Wall Street Traders — 444 monochrome traders built with AI and curated by Commit Protocol.,374.png,https://commitprotocol.org/wall-street-traders/,Human,Male,Original,Standard,,Spiky,Short,,Common,,,Stern,Long
375,Wall Street Trader #375,Wall Street Traders — 444 monochrome traders built with AI and curated by Commit Protocol.,375.png,https://commitprotocol.org/wall-street-traders/,Human,Female,Original,Standard,,Straight,Long,,Common,,,Slight Smile,Oval
376,Wall Street Trader #376,Wall Street Traders — 444 monochrome traders built with AI and curated by Commit Protocol.,376.png,https://commitprotocol.org/wall-street-traders/,Human,Female,Original,Standard,Hijab,,,,Rare,,,Grinning,Angular
377,Wall Street Trader #377,Wall Street Traders — 444 monochrome traders built with AI and curated by Commit Protocol.,377.png,https://commitprotocol.org/wall-street-traders/,Alien,Unspecified,Original,Alien,,,,,Rare,,,Calm,Long
378,Wall Street Trader #378,Wall Street Traders — 444 monochrome traders built with AI and curated by Commit Protocol.,378.png,https://commitprotocol.org/wall-street-traders/,Human,Male,Original,Standard,,Wavy,Short,Stubble,Common,,,Stern,Wide
379,Wall Street Trader #379,Wall Street Traders — 444 monochrome traders built with AI and curated by Commit Protocol.,379.png,https://commitprotocol.org/wall-street-traders/,Human,Male,Original,Standard,,Wavy,Medium,Stubble,Common,,,Slight Smile,Compact
380,Wall Street Trader #380,Wall Street Traders — 444 monochrome traders built with AI and curated by Commit Protocol.,380.png,https://commitprotocol.org/wall-street-traders/,Human,Female,Original,Standard,,Straight,Short,,Common,,,Slight Smile,Wide
381,Wall Street Trader #381,Wall Street Traders — 444 monochrome traders built with AI and curated by Commit Protocol.,381.png,https://commitprotocol.org/wall-street-traders/,Alien,Unspecified,Original,Alien,,,,,Rare,,,Calm,Narrow
382,Wall Street Trader #382,Wall Street Traders — 444 monochrome traders built with AI and curated by Commit Protocol.,382.png,https://commitprotocol.org/wall-street-traders/,Human,Male,Original,Standard,,Thinning,Short,,Rare,,,Serious,Compact
383,Wall Street Trader #383,Wall Street Traders — 444 monochrome traders built with AI and curated by Commit Protocol.,383.png,https://commitprotocol.org/wall-street-traders/,Human,Male,Original,Standard,,Wavy,Short,,Common,,,Grinning,Soft
384,Wall Street Trader #384,Wall Street Traders — 444 monochrome traders built with AI and curated by Commit Protocol.,384.png,https://commitprotocol.org/wall-street-traders/,Human,Male,Original,Standard,,Wavy,Short,,Common,,,Slight Smile,Soft
385,Wall Street Trader #385,Wall Street Traders — 444 monochrome traders built with AI and curated by Commit Protocol.,385.png,https://commitprotocol.org/wall-street-traders/,Human,Male,Original,Standard,,Coily,Short,Beard,Common,,,Slight Smile,Compact
386,Wall Street Trader #386,Wall Street Traders — 444 monochrome traders built with AI and curated by Commit Protocol.,386.png,https://commitprotocol.org/wall-street-traders/,Human,Male,Original,Standard,,Wavy,Short,Stubble,Common,,,Slight Smile,Compact
387,Wall Street Trader #387,Wall Street Traders — 444 monochrome traders built with AI and curated by Commit Protocol.,387.png,https://commitprotocol.org/wall-street-traders/,Human,Female,Original,Standard,,Wavy,Long,,Common,,,Slight Smile,Soft
388,Wall Street Trader #388,Wall Street Traders — 444 monochrome traders built with AI and curated by Commit Protocol.,388.png,https://commitprotocol.org/wall-street-traders/,Human,Female,Original,Standard,,Straight,Medium,,Common,,,Calm,Compact
389,Wall Street Trader #389,Wall Street Traders — 444 monochrome traders built with AI and curated by Commit Protocol.,389.png,https://commitprotocol.org/wall-street-traders/,Human,Male,Original,Standard,,Wavy,Short,Stubble,Common,,,Grinning,Wide
390,Wall Street Trader #390,Wall Street Traders — 444 monochrome traders built with AI and curated by Commit Protocol.,390.png,https://commitprotocol.org/wall-street-traders/,Human,Female,Original,Standard,,Coily,Short,,Common,,,Slight Smile,Long
391,Wall Street Trader #391,Wall Street Traders — 444 monochrome traders built with AI and curated by Commit Protocol.,391.png,https://commitprotocol.org/wall-street-traders/,Human,Male,Original,Standard,,Bald,,Beard,Rare,,,Slight Smile,Balanced
392,Wall Street Trader #392,Wall Street Traders — 444 monochrome traders built with AI and curated by Commit Protocol.,392.png,https://commitprotocol.org/wall-street-traders/,Human,Female,Original,Standard,,Wavy,Long,,Common,,,Serious,Angular
393,Wall Street Trader #393,Wall Street Traders — 444 monochrome traders built with AI and curated by Commit Protocol.,393.png,https://commitprotocol.org/wall-street-traders/,Human,Female,Original,Standard,,Wavy,Medium,,Common,,,Slight Smile,Wide
394,Wall Street Trader #394,Wall Street Traders — 444 monochrome traders built with AI and curated by Commit Protocol.,394.png,https://commitprotocol.org/wall-street-traders/,Human,Male,Original,Standard,,Receding,Short,Stubble,Rare,,,Grinning,Angular
395,Wall Street Trader #395,Wall Street Traders — 444 monochrome traders built with AI and curated by Commit Protocol.,395.png,https://commitprotocol.org/wall-street-traders/,Human,Female,Original,Standard,,Straight,Long,,Common,,,Stern,Long
396,Wall Street Trader #396,Wall Street Traders — 444 monochrome traders built with AI and curated by Commit Protocol.,396.png,https://commitprotocol.org/wall-street-traders/,Human,Female,Original,Standard,,Curly,Medium,,Common,,,Stern,Compact
397,Wall Street Trader #397,Wall Street Traders — 444 monochrome traders built with AI and curated by Commit Protocol.,397.png,https://commitprotocol.org/wall-street-traders/,Alien,Male,Pop Culture,Standard,,Spiky,Medium,,Legendary,Orb Drop Earring,,Neutral,Round
398,Wall Street Trader #398,Wall Street Traders — 444 monochrome traders built with AI and curated by Commit Protocol.,398.png,https://commitprotocol.org/wall-street-traders/,Human,Male,Original,Standard,,Wavy,Short,,Common,,,Grinning,Balanced
399,Wall Street Trader #399,Wall Street Traders — 444 monochrome traders built with AI and curated by Commit Protocol.,399.png,https://commitprotocol.org/wall-street-traders/,Human,Female,Original,Standard,,Wavy,Medium,,Common,,,Smirk,Oval
400,Wall Street Trader #400,Wall Street Traders — 444 monochrome traders built with AI and curated by Commit Protocol.,400.png,https://commitprotocol.org/wall-street-traders/,Human,Female,Original,Standard,,Wavy,Short,,Common,,,Slight Smile,Wide
401,Wall Street Trader #401,Wall Street Traders — 444 monochrome traders built with AI and curated by Commit Protocol.,401.png,https://commitprotocol.org/wall-street-traders/,Human,Female,Original,Standard,,Wavy,Long,,Common,,,Smirk,Compact
402,Wall Street Trader #402,Wall Street Traders — 444 monochrome traders built with AI and curated by Commit Protocol.,402.png,https://commitprotocol.org/wall-street-traders/,Human,Male,Original,Standard,,Coily,Short,Beard,Common,,,Calm,Wide
403,Wall Street Trader #403,Wall Street Traders — 444 monochrome traders built with AI and curated by Commit Protocol.,403.png,https://commitprotocol.org/wall-street-traders/,Human,Male,Original,Standard,,Wavy,Medium,Beard,Common,,,Slight Smile,Wide
404,Wall Street Trader #404,Wall Street Traders — 444 monochrome traders built with AI and curated by Commit Protocol.,404.png,https://commitprotocol.org/wall-street-traders/,Human,Female,Original,Standard,,Straight,Long,,Common,,,Slight Smile,Soft
405,Wall Street Trader #405,Wall Street Traders — 444 monochrome traders built with AI and curated by Commit Protocol.,405.png,https://commitprotocol.org/wall-street-traders/,Human,Female,Original,Standard,,Wavy,Long,,Common,,,Stern,Wide
406,Wall Street Trader #406,Wall Street Traders — 444 monochrome traders built with AI and curated by Commit Protocol.,406.png,https://commitprotocol.org/wall-street-traders/,Human,Female,Original,Standard,,Wavy,Medium,,Common,,,Grinning,Narrow
407,Wall Street Trader #407,Wall Street Traders — 444 monochrome traders built with AI and curated by Commit Protocol.,407.png,https://commitprotocol.org/wall-street-traders/,Human,Female,Original,Standard,,Wavy,Medium,,Common,,,Serious,Compact
408,Wall Street Trader #408,Wall Street Traders — 444 monochrome traders built with AI and curated by Commit Protocol.,408.png,https://commitprotocol.org/wall-street-traders/,Human,Female,Original,Standard,,Straight,Long,,Common,,,Grinning,Balanced
409,Wall Street Trader #409,Wall Street Traders — 444 monochrome traders built with AI and curated by Commit Protocol.,409.png,https://commitprotocol.org/wall-street-traders/,Human,Female,Original,Standard,Crown,Wavy,Long,,Legendary,,,Stern,Wide
410,Wall Street Trader #410,Wall Street Traders — 444 monochrome traders built with AI and curated by Commit Protocol.,410.png,https://commitprotocol.org/wall-street-traders/,Human,Female,Original,Standard,,Wavy,Long,,Common,,,Smirk,Long
411,Wall Street Trader #411,Wall Street Traders — 444 monochrome traders built with AI and curated by Commit Protocol.,411.png,https://commitprotocol.org/wall-street-traders/,Human,Male,Original,Standard,,Bun,Long,Goatee,Rare,,,Smirk,Long
412,Wall Street Trader #412,Wall Street Traders — 444 monochrome traders built with AI and curated by Commit Protocol.,412.png,https://commitprotocol.org/wall-street-traders/,Human,Male,Pop Culture,Standard,,Ponytail,Long,,Legendary,,Clown Face Paint,Serious,Narrow
413,Wall Street Trader #413,Wall Street Traders — 444 monochrome traders built with AI and curated by Commit Protocol.,413.png,https://commitprotocol.org/wall-street-traders/,Human,Female,Original,Standard,,Wavy,Medium,,Common,,,Slight Smile,Long
414,Wall Street Trader #414,Wall Street Traders — 444 monochrome traders built with AI and curated by Commit Protocol.,414.png,https://commitprotocol.org/wall-street-traders/,Human,Male,Original,Standard,,Wavy,Short,Goatee,Common,,,Slight Smile,Long
415,Wall Street Trader #415,Wall Street Traders — 444 monochrome traders built with AI and curated by Commit Protocol.,415.png,https://commitprotocol.org/wall-street-traders/,Human,Female,Original,Standard,,Wavy,Medium,,Common,,,Calm,Wide
416,Wall Street Trader #416,Wall Street Traders — 444 monochrome traders built with AI and curated by Commit Protocol.,416.png,https://commitprotocol.org/wall-street-traders/,Human,Male,Original,Standard,,Wavy,Short,,Common,,,Neutral,Oval
417,Wall Street Trader #417,Wall Street Traders — 444 monochrome traders built with AI and curated by Commit Protocol.,417.png,https://commitprotocol.org/wall-street-traders/,Human,Female,Original,Standard,,Bun,Long,,Rare,,,Slight Smile,Wide
418,Wall Street Trader #418,Wall Street Traders — 444 monochrome traders built with AI and curated by Commit Protocol.,418.png,https://commitprotocol.org/wall-street-traders/,Baghead,Unspecified,Web3 Tribute,Standard,,,,,Legendary,,,Smirk,Distinctive
419,Wall Street Trader #419,Wall Street Traders — 444 monochrome traders built with AI and curated by Commit Protocol.,419.png,https://commitprotocol.org/wall-street-traders/,Human,Male,Pop Culture,Sunglasses,,Bald,,Beard,Legendary,,,Calm,Balanced
420,Wall Street Trader #420,Wall Street Traders — 444 monochrome traders built with AI and curated by Commit Protocol.,420.png,https://commitprotocol.org/wall-street-traders/,Human,Female,Original,Standard,,Wavy,Long,,Common,,,Grinning,Compact
421,Wall Street Trader #421,Wall Street Traders — 444 monochrome traders built with AI and curated by Commit Protocol.,421.png,https://commitprotocol.org/wall-street-traders/,Human,Male,Original,Standard,,Wavy,Short,,Common,,,Stern,Soft
422,Wall Street Trader #422,Wall Street Traders — 444 monochrome traders built with AI and curated by Commit Protocol.,422.png,https://commitprotocol.org/wall-street-traders/,Human,Male,Original,Standard,,Straight,Short,,Common,,,Calm,Long
423,Wall Street Trader #423,Wall Street Traders — 444 monochrome traders built with AI and curated by Commit Protocol.,423.png,https://commitprotocol.org/wall-street-traders/,Human,Male,Pop Culture,Standard,,Straight,Medium,,Rare,,Stitched Facial Scar,Grinning,Compact
424,Wall Street Trader #424,Wall Street Traders — 444 monochrome traders built with AI and curated by Commit Protocol.,424.png,https://commitprotocol.org/wall-street-traders/,Human,Male,Original,Standard,,Receding,Short,,Common,,,Slight Smile,Compact
425,Wall Street Trader #425,Wall Street Traders — 444 monochrome traders built with AI and curated by Commit Protocol.,425.png,https://commitprotocol.org/wall-street-traders/,Human,Male,Original,Standard,,Wavy,Short,,Common,,,Slight Smile,Angular
426,Wall Street Trader #426,Wall Street Traders — 444 monochrome traders built with AI and curated by Commit Protocol.,426.png,https://commitprotocol.org/wall-street-traders/,Human,Female,Original,Standard,,Wavy,Long,,Common,,,Stern,Compact
427,Wall Street Trader #427,Wall Street Traders — 444 monochrome traders built with AI and curated by Commit Protocol.,427.png,https://commitprotocol.org/wall-street-traders/,Human,Female,Original,Standard,,Wavy,Long,,Common,,,Calm,Oval
428,Wall Street Trader #428,Wall Street Traders — 444 monochrome traders built with AI and curated by Commit Protocol.,428.png,https://commitprotocol.org/wall-street-traders/,Human,Female,Original,Standard,,Straight,Medium,,Common,,,Smirk,Long
429,Wall Street Trader #429,Wall Street Traders — 444 monochrome traders built with AI and curated by Commit Protocol.,429.png,https://commitprotocol.org/wall-street-traders/,Human,Male,Original,Standard,,Ponytail,Long,Stubble,Rare,,,Stern,Wide
430,Wall Street Trader #430,Wall Street Traders — 444 monochrome traders built with AI and curated by Commit Protocol.,430.png,https://commitprotocol.org/wall-street-traders/,Alien,Unspecified,Original,Alien,,,,,Rare,,,Neutral,Long
431,Wall Street Trader #431,Wall Street Traders — 444 monochrome traders built with AI and curated by Commit Protocol.,431.png,https://commitprotocol.org/wall-street-traders/,Human,Female,Original,Standard,,Wavy,Medium,,Common,,,Stern,Long
432,Wall Street Trader #432,Wall Street Traders — 444 monochrome traders built with AI and curated by Commit Protocol.,432.png,https://commitprotocol.org/wall-street-traders/,Human,Female,Original,Standard,,Wavy,Medium,,Common,,,Grinning,Wide
433,Wall Street Trader #433,Wall Street Traders — 444 monochrome traders built with AI and curated by Commit Protocol.,433.png,https://commitprotocol.org/wall-street-traders/,Human,Male,Original,Standard,,Straight,Short,,Common,,,Calm,Soft
434,Wall Street Trader #434,Wall Street Traders — 444 monochrome traders built with AI and curated by Commit Protocol.,434.png,https://commitprotocol.org/wall-street-traders/,Human,Female,Original,Standard,,Bun,Long,,Rare,,,Slight Smile,Oval
435,Wall Street Trader #435,Wall Street Traders — 444 monochrome traders built with AI and curated by Commit Protocol.,435.png,https://commitprotocol.org/wall-street-traders/,Human,Female,Original,Standard,,Straight,Long,,Common,,,Serious,Angular
436,Wall Street Trader #436,Wall Street Traders — 444 monochrome traders built with AI and curated by Commit Protocol.,436.png,https://commitprotocol.org/wall-street-traders/,Human,Male,Original,Standard,,Coily,Short,Beard,Common,,,Calm,Long
437,Wall Street Trader #437,Wall Street Traders — 444 monochrome traders built with AI and curated by Commit Protocol.,437.png,https://commitprotocol.org/wall-street-traders/,Human,Male,Original,Standard,,Spiky,Short,,Common,,,Smirk,Compact
438,Wall Street Trader #438,Wall Street Traders — 444 monochrome traders built with AI and curated by Commit Protocol.,438.png,https://commitprotocol.org/wall-street-traders/,Human,Male,Original,Standard,,Coily,Short,,Common,,,Slight Smile,Long
439,Wall Street Trader #439,Wall Street Traders — 444 monochrome traders built with AI and curated by Commit Protocol.,439.png,https://commitprotocol.org/wall-street-traders/,Human,Female,Original,Standard,,Straight,Medium,,Common,,,Stern,Oval
440,Wall Street Trader #440,Wall Street Traders — 444 monochrome traders built with AI and curated by Commit Protocol.,440.png,https://commitprotocol.org/wall-street-traders/,Human,Female,Original,Standard,,Straight,Medium,,Common,,,Grinning,Long
441,Wall Street Trader #441,Wall Street Traders — 444 monochrome traders built with AI and curated by Commit Protocol.,441.png,https://commitprotocol.org/wall-street-traders/,Human,Male,Original,Standard,,Spiky,Short,,Common,,,Smirk,Oval
442,Wall Street Trader #442,Wall Street Traders — 444 monochrome traders built with AI and curated by Commit Protocol.,442.png,https://commitprotocol.org/wall-street-traders/,Alien,Unspecified,Original,Alien,,,,,Rare,,,Grinning,Balanced
443,Wall Street Trader #443,Wall Street Traders — 444 monochrome traders built with AI and curated by Commit Protocol.,443.png,https://commitprotocol.org/wall-street-traders/,Human,Male,Original,Standard,,Curly,Short,Mustache,Rare,,,Smirk,Long
444,Wall Street Trader #444,Wall Street Traders — 444 monochrome traders built with AI and curated by Commit Protocol.,444.png,https://commitprotocol.org/wall-street-traders/,Human,Male,Original,Standard,,Wavy,Short,,Common,,,Grinning,Long
